Date,Nifty,USDINR,Brent,CPI,Repo
2015-01-31,8808.900391,61.79600143432617,52.9900016784668,119.5,7.75
2015-02-28,8844.599609,61.75400161743164,62.58000183105469,119.7,7.75
2015-03-31,8491.0,62.50899887084961,55.11000061035156,120.2,7.5
2015-04-30,8181.5,63.44200134277344,66.77999877929688,120.7,7.5
2015-05-31,8433.650391,63.82500076293945,65.55999755859375,121.6,7.5
2015-06-30,8368.5,63.7239990234375,63.59000015258789,123.0,7.25
2015-07-31,8532.849609,64.11799621582031,52.209999084472656,123.6,7.25
2015-08-31,7971.299805,66.14299774169922,54.150001525878906,124.8,7.25
2015-09-30,7948.899902,65.91999816894531,48.369998931884766,125.4,6.75
2015-10-31,8065.799805,65.44400024414062,49.560001373291016,126.1,6.75
2015-11-30,7935.25,66.9000015258789,44.61000061035156,126.6,6.75
2015-12-31,7946.350098,66.45500183105469,37.27999877929688,126.1,6.75
2016-01-31,7563.549805,68.09300231933594,34.7400016784668,126.3,6.75
2016-02-29,6987.049805,68.7300033569336,35.970001220703125,126.0,6.75
2016-03-31,7738.399902,66.36799621582031,39.59999847412109,126.0,6.75
2016-04-30,7849.799805,66.43800354003906,48.130001068115234,127.3,6.5
2016-05-31,8160.100098,67.13300323486328,49.68999862670898,128.6,6.5
2016-06-30,8287.75,67.41600036621094,49.68000030517578,130.1,6.5
2016-07-31,8638.5,67.00700378417969,42.459999084472656,131.1,6.5
2016-08-31,8786.200195,67.12660217285156,47.040000915527344,131.1,6.5
2016-09-30,8611.150391,66.81629943847656,49.060001373291016,130.9,6.5
2016-10-31,8638.0,66.78140258789062,48.29999923706055,131.4,6.25
2016-11-30,8224.5,68.60800170898438,50.470001220703125,131.2,6.25
2016-12-31,8185.799805,67.93299865722656,56.130001068115234,130.4,6.25
2017-01-31,8561.299805,67.82099914550781,55.70000076293945,130.3,6.25
2017-02-28,8879.599609,66.69319915771484,55.59000015258789,130.6,6.25
2017-03-31,9173.75,64.79000091552734,52.83000183105469,130.9,6.25
2017-04-30,9304.049805,64.05999755859375,51.72999954223633,131.1,6.25
2017-05-31,9621.25,64.61859893798828,50.310001373291016,131.4,6.25
2017-06-30,9520.900391,64.78510284423828,47.91999816894531,132.0,6.25
2017-07-31,10077.09961,64.12349700927734,52.650001525878906,134.2,6.25
2017-08-31,9917.900391,63.976200103759766,52.380001068115234,135.4,6.0
2017-09-30,9788.599609,65.36000061035156,57.540000915527344,135.2,6.0
2017-10-31,10335.2998,64.84239959716797,61.369998931884766,136.1,6.0
2017-11-30,10226.5498,64.41480255126953,63.56999969482422,137.6,6.0
2017-12-31,10530.7002,64.06199645996094,66.5999984741211,137.2,6.0
2018-01-31,11027.7002,63.769901275634766,69.05000305175781,136.9,6.0
2018-02-28,10492.84961,64.91000366210938,65.77999877929688,136.4,6.0
2018-03-31,10113.7002,65.02999877929688,70.2699966430664,136.5,6.0
2018-04-30,10739.34961,66.61000061035156,75.16999816894531,137.1,6.0
2018-05-31,10736.15039,67.43000030517578,77.58999633789062,137.8,6.0
2018-06-30,10714.2998,68.79669952392578,79.44000244140625,138.5,6.25
2018-07-31,11356.5,68.68499755859375,74.25,139.8,5.75
2018-08-31,11680.5,71.40499877929688,77.41999816894531,140.4,6.5
2018-09-30,10930.4502,72.94999694824219,82.72000122070312,140.2,6.5
2018-10-31,10386.59961,73.6500015258789,75.47000122070312,140.7,6.5
2018-11-30,10876.75,69.91999816894531,58.709999084472656,140.8,6.5
2018-12-31,10862.5498,69.92250061035156,53.79999923706055,140.1,6.5
2019-01-31,10830.9502,71.12000274658203,61.88999938964844,139.6,6.5
2019-02-28,10792.5,71.19000244140625,66.02999877929688,139.9,6.25
2019-03-31,11570.0,69.5,68.38999938964844,140.4,6.25
2019-04-30,11748.15039,69.81179809570312,72.80000305175781,141.2,6.0
2019-05-31,11922.7998,69.9800033569336,64.48999786376953,142.0,6.0
2019-06-30,11788.84961,69.32499694824219,66.55000305175781,142.9,5.75
2019-07-31,11118.0,69.07749938964844,65.16999816894531,144.2,5.75
2019-08-31,11023.25,71.6801986694336,60.43000030517578,145.0,5.4
2019-09-30,11474.4502,70.49870300292969,60.77999877929688,145.8,5.4
2019-10-31,11877.4502,70.98999786376953,60.22999954223633,147.2,5.4
2019-11-30,12056.0498,71.54740142822266,62.43000030517578,148.6,5.4
2019-12-31,12168.4502,71.31099700927734,66.0,150.4,5.4
2020-01-31,11962.09961,71.63999938964844,58.15999984741211,150.2,5.4
2020-02-29,11201.75,71.93000030517578,50.52000045776367,149.1,5.4
2020-03-31,8597.75,75.4000015258789,22.739999771118164,148.6,4.4
2020-04-30,9859.900391,75.25849914550781,25.270000457763672,151.4,4.4
2020-05-31,9580.299805,75.95999908447266,35.33000183105469,150.9,4.0
2020-06-30,10302.09961,75.69999694824219,41.150001525878906,151.8,4.0
2020-07-31,11073.4502,74.98999786376953,43.29999923706055,153.9,4.0
2020-08-31,11387.5,73.12830352783203,45.27999877929688,154.7,4.0
2020-09-30,11247.5498,73.84500122070312,40.95000076293945,156.4,4.0
2020-10-31,11642.40039,74.26399993896484,37.459999084472656,158.4,4.0
2020-11-30,12968.9502,73.94090270996094,47.59000015258789,158.9,4.0
2020-12-31,13981.75,73.13400268554688,51.79999923706055,157.3,4.0
2021-01-31,13634.59961,72.93879699707031,55.880001068115234,156.3,4.0
2021-02-28,14529.15039,73.1509017944336,66.12999725341797,156.6,4.0
2021-03-31,14690.7002,73.44529724121094,63.540000915527344,156.8,4.0
2021-04-30,14631.09961,74.10579681396484,67.25,157.8,4.0
2021-05-31,15582.7998,72.39350128173828,69.62999725341797,160.4,4.0
2021-06-30,15721.5,74.28759765625,75.12999725341797,161.3,4.0
2021-07-31,15763.0498,74.25199890136719,76.33000183105469,162.5,4.0
2021-08-31,17132.19922,73.41120147705078,72.98999786376953,162.9,4.0
2021-09-30,17618.15039,74.3219985961914,78.5199966430664,163.2,4.0
2021-10-31,17671.65039,74.79720306396484,84.37999725341797,165.5,4.0
2021-11-30,16983.19922,75.05490112304688,70.56999969482422,166.7,4.0
2021-12-31,17354.05078,74.43119812011719,77.77999877929688,166.2,4.0
2022-01-31,17339.84961,75.03900146484375,91.20999908447266,165.7,4.0
2022-02-28,16793.90039,75.06800079345703,100.98999786376952,166.1,4.0
2022-03-31,17464.75,75.82779693603516,107.91000366210938,167.7,4.0
2022-04-30,17102.55078,76.58899688720703,109.33999633789062,170.1,4.0
2022-05-31,16584.55078,77.5208969116211,122.83999633789062,171.7,4.4
2022-06-30,15780.25,78.89830017089844,114.80999755859376,172.6,4.9
2022-07-31,17158.25,79.57150268554688,110.01000213623048,173.4,4.9
2022-08-31,17759.30078,79.68229675292969,96.48999786376952,174.3,5.4
2022-09-30,17094.34961,81.48059844970703,87.95999908447266,175.3,5.9
2022-10-31,18012.19922,82.23919677734375,94.83000183105467,176.7,5.9
2022-11-30,18758.34961,81.63089752197266,85.43000030517578,176.5,5.9
2022-12-31,18105.30078,82.83509826660156,85.91000366210938,175.7,6.25
2023-01-31,17662.15039,81.57990264892578,84.48999786376953,176.5,6.25
2023-02-28,17303.94922,82.6520004272461,83.88999938964844,176.8,6.5
2023-03-31,17359.75,82.10050201416016,79.7699966430664,177.2,6.5
2023-04-30,18065.0,81.76509857177734,79.54000091552734,178.1,6.5
2023-05-31,18534.40039,82.68389892578125,72.66000366210938,179.1,6.5
2023-06-30,19189.05078,82.07540130615234,74.9000015258789,181.0,6.5
2023-07-31,19753.80078,82.25279998779297,85.55999755859375,186.3,6.5
2023-08-31,19253.80078,82.70040130615234,86.86000061035156,186.2,6.5
2023-09-30,19638.30078,83.19300079345703,95.30999755859376,184.1,6.5
2023-10-31,19079.59961,83.29650115966797,87.41000366210938,185.3,6.5
2023-11-30,20133.15039,83.3302993774414,82.83000183105469,186.3,6.5
2023-12-31,21731.40039,82.302001953125,77.04000091552734,185.7,6.5
2024-01-31,21725.69922,83.10970306396484,81.70999908447266,185.5,6.5
2024-02-29,21982.80078,82.91190338134766,83.62000274658203,185.8,6.5
2024-03-31,22326.90039,83.39299774169922,87.4800033569336,185.8,6.5
2024-04-30,22604.84961,83.45110321044922,87.86000061035156,186.7,6.5
2024-05-31,22530.69922,83.3208999633789,81.62000274658203,187.7,6.5
2024-06-30,24010.59961,83.45089721679688,86.41000366210938,190.2,6.5
2024-07-31,24951.15039,83.73899841308594,80.72000122070312,193.0,6.5
2024-08-31,25235.90039,83.89510345458984,78.80000305175781,193.0,6.5
2024-09-30,25810.84961,83.71640014648438,71.7699966430664,194.2,6.5
2024-10-31,24205.34961,84.08910369873047,73.16000366210938,196.8,6.5
2024-11-30,24131.09961,84.47160339355469,72.94000244140625,196.5,6.5
2024-12-31,23644.80078,85.7865982055664,74.63999938964844,195.4,6.5
2025-01-31,23508.40039,86.64700317382812,76.76000213623047,193.4,6.5
2025-02-28,22124.69922,87.3270034790039,73.18000030517578,192.5,6.25
2025-03-31,23519.34961,85.53880310058594,74.73999786376953,192.0,6.25
2025-04-30,24334.19922,85.1707992553711,63.119998931884766,192.6,6.0
2025-05-31,24750.69922,85.36129760742188,63.900001525878906,193.0,6.0
2025-06-30,25517.05078,85.4552993774414,67.61000061035156,194.2,5.5
2025-07-31,24768.34961,87.714599609375,72.52999877929688,196.1,5.5
2025-08-31,24426.84961,87.5916976928711,68.12000274658203,197.0,5.5
2025-09-30,24611.09961,88.70449829101562,67.0199966430664,197.0,5.5
2025-10-31,25722.09961,88.6344985961914,65.06999969482422,197.3,5.5
2025-11-30,26202.94922,89.36479949951172,63.20000076293945,197.9,5.5
2025-12-31,26129.59961,89.76940155029297,60.84999847412109,198.0,5.25
