Date,Nifty,USDINR,Brent,CPI,Repo,Nifty_Return,Log_Return,Oil_Return,FX_Return,Inflation,Real_Repo,Nifty_Lag1,Oil_Lag1,FX_Lag1,Realized_Volatility
2015-01-31,8808.900391,61.79600143432617,52.9900016784668,119.5,7.75,,,,,,,,,,5.195365532866367
2015-02-28,8844.599609,61.75400161743164,62.58000183105469,119.7,7.75,0.4052630455042338,0.0040444406675713,18.097754007969623,-0.0679652662303187,0.1673640167364043,7.582635983263596,,,,3.482805327154
2015-03-31,8491.0,62.50899887084961,55.11000061035156,120.2,7.5,-3.997915390541684,-0.0408002800741579,-11.936722598490269,1.2225883888386857,0.417710944026739,7.082289055973261,0.4052630455042338,18.097754007969623,-0.0679652662303187,4.51297006144717
2015-04-30,8181.5,63.44200134277344,66.77999877929688,120.7,7.5,-3.645035920386286,-0.0371312711304131,21.175826600795357,1.4925890492207603,0.4159733777038266,7.084026622296173,-3.997915390541684,-11.936722598490269,1.2225883888386857,3.9259641380699177
2015-05-31,8433.650391,63.82500076293945,65.55999755859375,121.6,7.5,3.081957966143123,0.0303541942425993,-1.826896141066348,0.6037000915161794,0.7456503728251684,6.754349627174832,-3.645035920386286,21.175826600795357,1.4925890492207603,5.482313274814467
2015-06-30,8368.5,63.7239990234375,63.59000015258789,123.0,7.25,-0.772505237702581,-0.0077550451578568,-3.0048771802427043,-0.158247925255961,1.1513157894736947,6.098684210526305,3.081957966143123,-1.826896141066348,0.6037000915161794,4.395943015806696
2015-07-31,8532.849609,64.11799621582031,52.209999084472656,123.6,7.25,1.9639076178526784,0.0194487177938018,-17.89589721781454,0.6182869851559358,0.4878048780487809,6.762195121951219,-0.772505237702581,-3.0048771802427043,-0.158247925255961,4.113626657696137
2015-08-31,7971.299805,66.14299774169922,54.150001525878906,124.8,7.25,-6.5810348210955,-0.0680758080584982,3.715768005027997,3.158242062123673,0.9708737864077666,6.279126213592233,1.9639076178526784,-17.89589721781454,0.6182869851559358,7.348413034749184
2015-09-30,7948.899902,65.91999816894531,48.369998931884766,125.4,6.75,-0.2810069066270571,-0.0028140247225319,-10.674058044544676,-0.3371476654637884,0.480769230769229,6.269230769230771,-6.5810348210955,3.715768005027997,3.158242062123673,5.598221831708311
2015-10-31,8065.799805,65.44400024414062,49.560001373291016,126.1,6.75,1.4706425347057903,0.0145993345456462,2.46020770660349,-0.722084250646915,0.5582137161084466,6.191786283891553,-0.2810069066270571,-10.674058044544676,-0.3371476654637884,3.080561383401562
2015-11-30,7935.25,66.9000015258789,44.61000061035156,126.6,6.75,-1.6185599463933054,-0.0163180170617668,-9.987894725134373,2.2248048351363403,0.3965107057890549,6.353489294210945,1.4706425347057903,2.46020770660349,-0.722084250646915,3.13479579808571
2015-12-31,7946.350098,66.45500183105469,37.27999877929688,126.1,6.75,0.1398834063198961,0.0013978566062579,-16.431297311737282,-0.6651714270171971,-0.3949447077409185,7.144944707740919,-1.6185599463933054,-9.987894725134373,2.2248048351363403,3.6093489486639534
2016-01-31,7563.549805,68.09300231933594,34.7400016784668,126.3,6.75,-4.817309686573545,-0.0493720851616367,-6.81329716738256,2.4648264888254223,0.1586042823156219,6.591395717684378,0.1398834063198961,-16.431297311737282,-0.6651714270171971,5.078259017244648
2016-02-29,6987.049805,68.7300033569336,35.970001220703125,126.0,6.75,-7.622082419803677,-0.0792822231297635,3.5405857305951915,0.935486784104933,-0.2375296912114022,6.987529691211402,-4.817309686573545,-6.81329716738256,2.4648264888254223,6.228480429041114
2016-03-31,7738.399902,66.36799621582031,39.59999847412109,126.0,6.75,10.753467027848115,0.1021365274390192,10.091735141028169,-3.436646334566196,0.0,6.75,-7.622082419803677,3.5405857305951915,0.935486784104933,5.265271299981478
2016-04-30,7849.799805,66.43800354003906,48.130001068115234,127.3,6.5,1.4395728369014371,0.0142930936992672,21.540411420895826,0.1054835586584479,1.031746031746028,5.468253968253972,10.753467027848115,10.091735141028169,-3.436646334566196,4.122012285848318
2016-05-31,8160.100098,67.13300323486328,49.68999862670898,128.6,6.5,3.952970785348575,0.0387684068911914,3.241216546797876,1.04608756704343,1.021209740769824,5.478790259230176,1.4395728369014371,21.540411420895826,0.1054835586584479,4.236544783899912
2016-06-30,8287.75,67.41600036621094,49.68000030517578,130.1,6.5,1.5643178449647577,0.0155220851569754,-0.0201213962759516,0.421546955612273,1.1664074650077794,5.333592534992221,3.952970785348575,3.241216546797876,1.04608756704343,3.6146179998453807
2016-07-31,8638.5,67.00700378417969,42.459999084472656,131.1,6.5,4.232149859732748,0.041450435663182,-14.53301363999977,-0.6066758333474809,0.768639508070712,5.731360491929288,1.5643178449647577,-0.0201213962759516,0.421546955612273,2.7179343606565034
2016-08-31,8786.200195,67.12660217285156,47.040000915527344,131.1,6.5,1.7097898361984054,0.0169533743430647,10.786627248726344,0.1784863998054442,0.0,6.5,4.232149859732748,-14.53301363999977,-0.6066758333474809,3.042941650611568
2016-09-30,8611.150391,66.81629943847656,49.060001373291016,130.9,6.5,-1.99232660439056,-0.0201244104276025,4.294218576634612,-0.4622649208073537,-0.1525553012967084,6.652555301296708,1.7097898361984054,10.786627248726344,0.1784863998054442,3.632555164649181
2016-10-31,8638.0,66.78140258789062,48.29999923706055,131.4,6.25,0.3118004886787595,0.0031131539903474,-1.549127833176589,-0.0522280504595573,0.381970970206269,5.868029029793731,-1.99232660439056,4.294218576634612,-0.4622649208073537,3.1771366777984964
2016-11-30,8224.5,68.60800170898438,50.470001220703125,131.2,6.25,-4.78698772864089,-0.0490535700084335,4.492757801075786,2.7351913112183768,-0.1522070015220866,6.402207001522086,0.3118004886787595,-1.549127833176589,-0.0522280504595573,5.325937405114575
2016-12-31,8185.799805,67.93299865722656,56.130001068115234,130.4,6.25,-0.4705476928688723,-0.0047165825370698,11.214582346969191,-0.9838547034513369,-0.609756097560965,6.859756097560965,-4.78698772864089,4.492757801075786,2.7351913112183768,3.754540011065813
2017-01-31,8561.299805,67.82099914550781,55.70000076293945,130.3,6.25,4.5872121105458685,0.044851103011655,-0.7660792748853895,-0.1648676106348112,-0.0766871165644111,6.326687116564411,-0.4705476928688723,11.214582346969191,-0.9838547034513369,2.912623135894079
2017-02-28,8879.599609,66.69319915771484,55.59000015258789,130.6,6.25,3.717891105905502,0.0365044419062981,-0.1974876280877002,-1.6629067722421895,0.2302379125095788,6.019762087490421,4.5872121105458685,-0.7660792748853895,-0.1648676106348112,2.4558204288211645
2017-03-31,9173.75,64.79000091552734,52.83000183105469,130.9,6.25,3.312653767652552,0.0325896779661763,-4.964918715519584,-2.8536616420016814,0.2297090352220587,6.020290964777941,3.717891105905502,-0.1974876280877002,-1.6629067722421895,2.7695310315429618
2017-04-30,9304.049805,64.05999755859375,51.72999954223633,131.1,6.25,1.420354871235863,0.0141036233988468,-2.0821545536493846,-1.1267222513013486,0.1527883880825031,6.097211611917497,3.312653767652552,-4.964918715519584,-2.8536616420016814,2.170992526767676
2017-05-31,9621.25,64.61859893798828,50.310001373291016,131.4,6.25,3.409270174258272,0.0335244255904077,-2.7450187154668737,0.871997191201257,0.2288329519450904,6.0211670480549095,1.420354871235863,-2.0821545536493846,-1.1267222513013486,2.7462610964865157
2017-06-30,9520.900391,64.78510284423828,47.91999816894531,132.0,6.25,-1.0429997037807004,-0.0104847706488625,-4.750552850540224,0.2576717988110211,0.4566210045662044,5.793378995433796,3.409270174258272,-2.7450187154668737,0.871997191201257,1.5632786222259667
2017-07-31,10077.09961,64.12349700927734,52.650001525878906,134.2,6.25,5.841876252857015,0.0567760609182574,9.870625078610471,-1.021231434256764,1.6666666666666607,4.583333333333339,-1.0429997037807004,-4.750552850540224,0.2576717988110211,2.393495360689976
2017-08-31,9917.900391,63.976200103759766,52.380001068115234,135.4,6.0,-1.579811901849404,-0.0159242393739652,-0.5128213674048254,-0.2297081606392526,0.8941877794336861,5.105812220566314,5.841876252857015,9.870625078610471,-1.021231434256764,3.257181761301273
2017-09-30,9788.599609,65.36000061035156,57.540000915527344,135.2,6.0,-1.3037112382912497,-0.0131228414540911,9.851087709414164,2.162992650935003,-0.1477104874446189,6.147710487444619,-1.579811901849404,-0.5128213674048254,-0.2297081606392526,2.8601277388341426
2017-10-31,10335.2998,64.84239959716797,61.369998931884766,136.1,6.0,5.585070519151114,0.0543467976297525,6.656235584667658,-0.7919232073899551,0.6656804733727872,5.334319526627213,-1.3037112382912497,9.851087709414164,2.162992650935003,2.432128550843192
2017-11-30,10226.5498,64.41480255126953,63.56999969482422,137.6,6.0,-1.052219114147035,-0.0105779408119878,3.584814732327524,-0.6594405027495531,1.102130786186617,4.897869213813383,5.585070519151114,6.656235584667658,-0.7919232073899551,2.6900877971010635
2017-12-31,10530.7002,64.06199645996094,66.5999984741211,137.2,6.0,2.9741252519006838,0.0293075595361436,4.766397347558238,-0.5477096526497749,-0.2906976744186051,6.290697674418605,-1.052219114147035,3.584814732327524,-0.6594405027495531,2.7874982205754013
2018-01-31,11027.7002,63.769901275634766,69.05000305175781,136.9,6.0,4.719534224324429,0.0461154877839941,3.6786856362897913,-0.4559570423452785,-0.218658892128265,6.218658892128265,2.9741252519006838,4.766397347558238,-0.5477096526497749,2.449008585508026
2018-02-28,10492.84961,64.91000366210938,65.77999877929688,136.4,6.0,-4.850064658087094,-0.0497162717846513,-4.735704747195801,1.7878377787456712,-0.365230094959823,6.365230094959824,4.719534224324429,3.6786856362897913,-0.4559570423452785,3.9780423547159938
2018-03-31,10113.7002,65.02999877929688,70.2699966430664,136.5,6.0,-3.613407454526552,-0.0368030755228083,6.825779791869935,0.1848638274804859,0.0733137829912022,5.926686217008798,-4.850064658087094,-4.735704747195801,1.7878377787456712,3.9196850956802174
2018-04-30,10739.34961,66.61000061035156,75.16999816894531,137.1,6.0,6.186157367013911,0.0600235693807348,6.973106247276872,2.429650716151799,0.439560439560438,5.560439560439562,-3.613407454526552,6.825779791869935,0.1848638274804859,2.8515846151865727
2018-05-31,10736.15039,67.43000030517578,77.58999633789062,137.8,6.0,-0.0297896997134672,-0.0002979413772591,3.2193670718287715,1.231045919997764,0.510576221735981,5.489423778264019,6.186157367013911,6.973106247276872,2.429650716151799,2.940688897263824
2018-06-30,10714.2998,68.79669952392578,79.44000244140625,138.5,6.25,-0.2035235089511422,-0.0020373089948472,2.384335856209052,2.0268414838567006,0.5079825834542806,5.742017416545719,-0.0297896997134672,3.2193670718287715,1.231045919997764,2.7087003901384907
2018-07-31,11356.5,68.68499755859375,74.25,139.8,5.75,5.993860653404526,0.0582109880825343,-6.533235500885482,-0.1623652967439048,0.9386281588447788,4.811371841155221,-0.2035235089511422,2.384335856209052,2.0268414838567006,2.451701141006816
2018-08-31,11680.5,71.40499877929688,77.41999816894531,140.4,6.5,2.852991678774264,0.0281305174736793,4.269357803293361,3.9601096562357,0.4291845493562096,6.07081545064379,5.993860653404526,-6.533235500885482,-0.1623652967439048,2.507680654212432
2018-09-30,10930.4502,72.94999694824219,82.72000122070312,140.2,6.5,-6.4213843585463,-0.0663682939758175,6.845780388927669,2.163711498295373,-0.1424501424501567,6.642450142450157,2.852991678774264,4.269357803293361,3.9601096562357,3.780377905418016
2018-10-31,10386.59961,73.6500015258789,75.47000122070312,140.7,6.5,-4.9755552612096405,-0.0510360144469744,-8.764506640487657,0.9595676585612,0.3566333808844524,6.143366619115548,-6.4213843585463,6.845780388927669,2.163711498295373,6.670874319044979
2018-11-30,10876.75,69.91999816894531,58.709999084472656,140.8,6.5,4.71906502998436,0.046111007288596,-22.20750214011236,-5.064498682492157,0.0710732054015839,6.428926794598416,-4.9755552612096405,-8.764506640487657,0.9595676585612,3.2882309174236
2018-12-31,10862.5498,69.92250061035156,53.79999923706055,140.1,6.5,-0.1305555427862148,-0.001306408407839,-8.363140732377705,0.0035790066816199,-0.497159090909105,6.997159090909105,4.71906502998436,-22.20750214011236,-5.064498682492157,4.231586554541546
2019-01-31,10830.9502,71.12000274658203,61.88999938964844,139.6,6.5,-0.2909040748425462,-0.0029132802313454,15.037175218052855,1.7126134302656526,-0.356887937187722,6.856887937187722,-0.1305555427862148,-8.363140732377705,0.0035790066816199,3.215144153046266
2019-02-28,10792.5,71.19000244140625,66.02999877929688,139.9,6.25,-0.3550030171867946,-0.0035563464821373,6.689286525248983,0.0984247639495228,0.2148997134670649,6.035100286532935,-0.2909040748425462,15.037175218052855,1.7126134302656526,2.772420326040655
2019-03-31,11570.0,69.5,68.38999938964844,140.4,6.25,7.204076905258283,0.0695640927580897,3.5741339602924915,-2.3739322706123334,0.3573981415296634,5.892601858470337,-0.3550030171867946,6.689286525248983,0.0984247639495228,3.127535628676324
2019-04-30,11748.15039,69.81179809570312,72.80000305175781,141.2,6.0,1.5397613656007003,0.0152802733767378,6.448316568894241,0.4486303535296665,0.5698005698005604,5.43019943019944,7.204076905258283,3.5741339602924915,-2.3739322706123334,2.997471955393596
2019-05-31,11922.7998,69.9800033569336,64.48999786376953,142.0,6.0,1.4866119704141756,0.0147567020246287,-11.414841812685372,0.2409410240370446,0.56657223796035,5.43342776203965,1.5397613656007003,6.448316568894241,0.4486303535296665,5.175161880892103
2019-06-30,11788.84961,69.32499694824219,66.55000305175781,142.9,5.75,-1.123479319010301,-0.0112983801855233,3.1943018393951528,-0.9359908220503256,0.6338028169014187,5.116197183098581,1.4866119704141756,-11.414841812685372,0.2409410240370446,3.270701578922973
2019-07-31,11118.0,69.07749938964844,65.16999816894531,144.2,5.75,-5.690543455834273,-0.0585887198901507,-2.0736360924570207,-0.3570105582240912,0.9097270818754222,4.840272918124578,-1.123479319010301,3.1943018393951528,-0.9359908220503256,3.670996195872802
2019-08-31,11023.25,71.6801986694336,60.43000030517578,145.0,5.4,-0.852221622593996,-0.0085587379560631,-7.273282180370266,3.767796030229764,0.554785020804438,4.845214979195562,-5.690543455834273,-2.0736360924570207,-0.3570105582240912,4.647450197454775
2019-09-30,11474.4502,70.49870300292969,60.77999877929688,145.8,5.4,4.09316853015218,0.0401161633695062,0.579179997275503,-1.648287377037816,0.5517241379310533,4.848275862068947,-0.852221622593996,-7.273282180370266,3.767796030229764,7.060283338158632
2019-10-31,11877.4502,70.98999786376953,60.22999954223633,147.2,5.4,3.5121508479770025,0.034518819323913,-0.9049016915214204,0.6968849637126295,0.9602194787379892,4.439780521262011,4.09316853015218,0.579179997275503,-1.648287377037816,3.5585650253911627
2019-11-30,12056.0498,71.54740142822266,62.43000030517578,148.6,5.4,1.503686372012747,0.0149249307703202,3.652666079462108,0.7851860561015833,0.9510869565217516,4.448913043478249,3.5121508479770025,-0.9049016915214204,0.6968849637126295,2.33449506376164
2019-12-31,12168.4502,71.31099700927734,66.0,150.4,5.4,0.932315326036548,0.0092799609186785,5.718404096384799,-0.3304164990289404,1.211305518169592,4.188694481830408,1.503686372012747,3.652666079462108,0.7851860561015833,2.515033103063616
2020-01-31,11962.09961,71.63999938964844,58.15999984741211,150.2,5.4,-1.6957836586289354,-0.0171032671671296,-11.878788109981652,0.4613627549314714,-0.1329787234042645,5.532978723404264,0.932315326036548,5.718404096384799,-0.3304164990289404,3.5942640719330843
2020-02-29,11201.75,71.93000030517578,50.52000045776367,149.1,5.4,-6.35632234130844,-0.0656732696952141,-13.136175051053389,0.4048030681156778,-0.7323568575232975,6.132356857523298,-1.6957836586289354,-11.878788109981652,0.4613627549314714,5.866555539969184
2020-03-31,8597.75,75.4000015258789,22.739999771118164,148.6,4.4,-23.24636775503828,-0.2645694749733552,-54.9881243763457,4.824136251885203,-0.3353454057679395,4.73534540576794,-6.35632234130844,-13.136175051053389,0.4048030681156778,23.511908446931223
2020-04-30,9859.900391,75.25849914550781,25.270000457763672,151.4,4.4,14.680008036986417,0.136975525108924,11.125772700573355,-0.1876689356863248,1.8842530282638048,2.5157469717361955,-23.24636775503828,-54.9881243763457,4.824136251885203,12.489613452076888
2020-05-31,9580.299805,75.95999908447266,35.33000183105469,150.9,4.0,-2.835734387897215,-0.0287671798525859,39.81005615771682,0.9321205537311306,-0.3302509907529671,4.330250990752967,14.680008036986417,11.125772700573355,-0.1876689356863248,8.953787794239554
2020-06-30,10302.09961,75.69999694824219,41.150001525878906,151.8,4.0,7.534208946397358,0.0726388337146883,16.473250476054325,-0.3422882298107055,0.5964214711729587,3.4035785288270413,-2.835734387897215,39.81005615771682,0.9321205537311306,5.915444514016917
2020-07-31,11073.4502,74.98999786376953,43.29999923706055,153.9,4.0,7.487314423278035,0.0722026492515897,5.224781607430873,-0.937911642134015,1.383399209486158,2.616600790513842,7.534208946397358,16.473250476054325,-0.3422882298107055,4.68903960106045
2020-08-31,11387.5,73.12830352783203,45.27999877929688,154.7,4.0,2.8360609776346024,0.0279658932415266,4.572747291278589,-2.482590197321444,0.5198180636777128,3.4801819363222872,7.487314423278035,5.224781607430873,-0.937911642134015,4.285737226980493
2020-09-30,11247.5498,73.84500122070312,40.95000076293945,156.4,4.0,-1.2289809001097662,-0.0123659532120993,-9.56271672502167,0.9800551336437424,1.0989010989011172,2.901098901098883,2.8360609776346024,4.572747291278589,-2.482590197321444,5.492431988747359
2020-10-31,11642.40039,74.26399993896484,37.459999084472656,158.4,4.0,3.510547603887914,0.0345033307412493,-8.522592462624123,0.5674029539378678,1.278772378516635,2.721227621483365,-1.2289809001097662,-9.56271672502167,0.9800551336437424,4.3807177217036335
2020-11-30,12968.9502,73.94090270996094,47.59000015258789,158.9,4.0,11.394126344764866,0.1079044143050277,27.04218183580833,-0.4350657509283762,0.3156565656565746,3.684343434343426,3.510547603887914,-8.522592462624123,0.5674029539378678,4.541486118573597
2020-12-31,13981.75,73.13400268554688,51.79999923706055,157.3,4.0,7.809420071641582,0.0751948533780897,8.84639434959893,-1.0912769452912865,-1.0069225928256764,5.006922592825676,11.394126344764866,27.04218183580833,-0.4350657509283762,4.411218295496791
2021-01-31,13634.59961,72.93879699707031,55.880001068115234,156.3,4.0,-2.482882257228181,-0.0251422568017689,7.87645152731129,-0.2669150891629557,-0.6357279084551859,4.635727908455186,7.809420071641582,8.84639434959893,-1.0912769452912865,4.50575404901574
2021-02-28,14529.15039,73.1509017944336,66.12999725341797,156.6,4.0,6.560887782461267,0.0635463520611488,18.342870417644484,0.2907983214636811,0.1919385796544936,3.8080614203455054,-2.482882257228181,7.87645152731129,-0.2669150891629557,7.540644173874952
2021-03-31,14690.7002,73.44529724121094,63.540000915527344,156.8,4.0,1.1119012857846666,0.0110576510704025,-3.9165226757313376,0.4024495112919357,0.1277139208173849,3.872286079182615,6.560887782461267,18.342870417644484,0.2907983214636811,5.604986438777588
2021-04-30,14631.09961,74.10579681396484,67.25,157.8,4.0,-0.4057028541090246,-0.0040652806081918,5.83884014953806,0.8993081893108545,0.6377551020408267,3.3622448979591733,1.1119012857846666,-3.9165226757313376,0.4024495112919357,5.644363134243407
2021-05-31,15582.7998,72.39350128173828,69.62999725341797,160.4,4.0,6.504638854003408,0.0630183555273821,3.5390293731122124,-2.3106094338680494,1.6476552598225558,2.352344740177444,-0.4057028541090246,5.83884014953806,0.8993081893108545,3.856578832312706
2021-06-30,15721.5,74.28759765625,75.12999725341797,161.3,4.0,0.8900852335919751,0.0088614732488877,7.898894466393247,2.6163900639925464,0.5610972568578676,3.4389027431421324,6.504638854003408,3.5390293731122124,-2.3106094338680494,2.0103617539352188
2021-07-31,15763.0498,74.25199890136719,76.33000183105469,162.5,4.0,0.2642864866583938,0.0026393786402981,1.5972376168057467,-0.0479201858802014,0.7439553626782391,3.256044637321761,0.8900852335919751,7.898894466393247,2.6163900639925464,2.540959885887738
2021-08-31,17132.19922,73.41120147705078,72.98999786376953,162.9,4.0,8.68581548222982,0.0832911072804138,-4.375742024319306,-1.1323566190228562,0.2461538461538515,3.753846153846149,0.2642864866583938,1.5972376168057467,-0.0479201858802014,3.1317548480801767
2021-09-30,17618.15039,74.3219985961914,78.5199966430664,163.2,4.0,2.836478631609096,0.0279699545904581,7.576378875388112,1.2406786713950568,0.1841620626150897,3.8158379373849103,8.68581548222982,-4.375742024319306,-1.1323566190228562,2.769087676761471
2021-10-31,17671.65039,74.79720306396484,84.37999725341797,165.5,4.0,0.3036641123824513,0.0030320398417752,7.4630678309752785,0.6393860186071354,1.4093137254902022,2.590686274509798,2.836478631609096,7.576378875388112,1.2406786713950568,3.5966069369629787
2021-11-30,16983.19922,75.05490112304688,70.56999969482422,166.7,4.0,-3.8957944210438855,-0.0397371084412367,-16.366435183824745,0.344529004462446,0.7250755287008914,3.274924471299109,0.3036641123824513,7.4630678309752785,0.6393860186071354,4.536241140141335
2021-12-31,17354.05078,74.43119812011719,77.77999877929688,166.2,4.0,2.183637812852579,0.0216013792856449,10.216804755068544,-0.8309957026086501,-0.2999400119976014,4.2999400119976015,-3.8957944210438855,-16.366435183824745,0.344529004462446,5.0345385785358765
2022-01-31,17339.84961,75.03900146484375,91.20999908447266,165.7,4.0,-0.0818320182419118,-0.0008186551891539,17.266650187645062,0.8165975559679906,-0.300842358604092,4.300842358604092,2.183637812852579,10.216804755068544,-0.8309957026086501,4.644266514279722
2022-02-28,16793.90039,75.06800079345703,100.98999786376952,166.1,4.0,-3.148523385607393,-0.0319915498456059,10.722507266159798,0.0386456749785768,0.2414001207000637,3.758599879299936,-0.0818320182419118,17.266650187645062,0.8165975559679906,7.8554895179004145
2022-03-31,17464.75,75.82779693603516,107.91000366210938,167.7,4.0,3.9946027689878423,0.0391688153545738,6.85216946699474,1.0121438356519352,0.9632751354605728,3.036724864539427,-3.148523385607393,10.722507266159798,0.0386456749785768,5.633102062093677
2022-04-30,17102.55078,76.58899688720703,109.33999633789062,170.1,4.0,-2.073887229991833,-0.0209569430082082,1.3251715570864686,1.0038534441584537,1.4311270125223707,2.5688729874776293,3.9946027689878423,6.85216946699474,1.0121438356519352,5.097379094378003
2022-05-31,16584.55078,77.5208969116211,122.83999633789062,171.7,4.4,-3.028787966563196,-0.0307560346939915,12.346808534985954,1.2167544455327972,0.9406231628453776,3.4593768371546227,-2.073887229991833,1.3251715570864686,1.0038534441584537,6.54209520162026
2022-06-30,15780.25,78.89830017089844,114.80999755859376,172.6,4.9,-4.849698919611023,-0.0497124279799041,-6.536957846538105,1.7768154319056428,0.5241700640652436,4.375829935934757,-3.028787966563196,12.346808534985954,1.2167544455327972,5.030991140032157
2022-07-31,17158.25,79.57150268554688,110.01000213623048,173.4,4.9,8.732434530504896,0.0837199493761146,-4.180816587783287,0.8532535088718429,0.4634994206257348,4.436500579374266,-4.849698919611023,-6.536957846538105,1.7768154319056428,3.910446198177496
2022-08-31,17759.30078,79.68229675292969,96.48999786376952,174.3,5.4,3.502984162137745,0.0344302587861069,-12.28979548215854,0.139238375101014,0.519031141868509,4.880968858131491,8.732434530504896,-4.180816587783287,0.8532535088718429,3.970939395706072
2022-09-30,17094.34961,81.48059844970703,87.95999908447266,175.3,5.9,-3.744241838332107,-0.0381613895533552,-8.840293261629084,2.256839687180867,0.5737234652897216,5.326276534710279,3.502984162137745,-12.28979548215854,0.139238375101014,4.4938209239127
2022-10-31,18012.19922,82.23919677734375,94.83000183105467,176.7,5.9,5.369315773576244,0.0523012860421994,7.810371553078799,0.9310171280896506,0.7986309184255358,5.101369081574465,-3.744241838332107,-8.840293261629084,2.256839687180867,3.968028649257586
2022-11-30,18758.34961,81.63089752197266,85.43000030517578,176.5,5.9,4.142472448181156,0.0405897030452184,-9.912476372852508,-0.7396707156783311,-0.1131861912846532,6.013186191284653,5.369315773576244,7.810371553078799,0.9310171280896506,2.8471405439260247
2022-12-31,18105.30078,82.83509826660156,85.91000366210938,175.7,6.25,-3.4813767926143213,-0.0354342096576375,0.5618674414361591,1.4751776363904012,-0.4532577903682777,6.703257790368278,4.142472448181156,-9.912476372852508,-0.7396707156783311,3.3545990563834795
2023-01-31,17662.15039,81.57990264892578,84.48999786376953,176.5,6.25,-2.4476278819379083,-0.0247808022688304,-1.6528992408437526,-1.5152944149785186,0.4553215708594349,5.794678429140565,-3.4813767926143213,0.5618674414361591,1.4751776363904012,3.3710044164949475
2023-02-28,17303.94922,82.6520004272461,83.88999938964844,176.8,6.5,-2.0280722453977496,-0.0204891998362327,-0.7101414241819759,1.3141689846505766,0.1699716713881027,6.330028328611897,-2.4476278819379083,-1.6528992408437526,-1.5152944149785186,2.796234611288409
2023-03-31,17359.75,82.10050201416016,79.7699966430664,177.2,6.5,0.322474247297877,0.0032195541419988,-4.911196538988671,-0.6672535573671867,0.2262443438913797,6.27375565610862,-2.0280722453977496,-0.7101414241819759,1.3141689846505766,3.8022188400462222
2023-04-30,18065.0,81.76509857177734,79.54000091552734,178.1,6.5,4.062558504586766,0.0398220563927527,-0.2883236018777713,-0.408527882478682,0.5079006772009009,5.992099322799099,0.322474247297877,-4.911196538988671,-0.6672535573671867,1.9168630255187915
2023-05-31,18534.40039,82.68389892578125,72.66000366210938,179.1,6.5,2.598396844727357,0.0256521213314466,-8.649732429252332,1.1237072663678571,0.5614823133071267,5.938517686692873,4.062558504586766,-0.2883236018777713,-0.408527882478682,2.591094712495778
2023-06-30,19189.05078,82.07540130615234,74.9000015258789,181.0,6.5,3.5320829173044688,0.0347113585608341,3.082848542351013,-0.7359324215892471,1.06085985482971,5.43914014517029,2.598396844727357,-8.649732429252332,1.1237072663678571,2.3398260814660623
2023-07-31,19753.80078,82.25279998779297,85.55999755859375,186.3,6.5,2.9430846083779105,0.0290060728971302,14.232304159608963,0.2161411078319464,2.9281767955801064,3.5718232044198936,3.5320829173044688,3.082848542351013,-0.7359324215892471,2.4980157262305385
2023-08-31,19253.80078,82.70040130615234,86.86000061035156,186.2,6.5,-2.531158461951444,-0.025637433027665,1.5194051996875402,0.54417760662957,-0.0536768652710795,6.553676865271079,2.9430846083779105,14.232304159608963,0.2161411078319464,2.100922318250153
2023-09-30,19638.30078,83.19300079345703,95.30999755859376,184.1,6.5,1.9970083018590268,0.0197732964921047,9.72829482945592,0.5956434062285965,-1.1278195488721776,7.627819548872178,-2.531158461951444,1.5194051996875402,0.54417760662957,2.549002837315557
2023-10-31,19079.59961,83.29650115966797,87.41000366210938,185.3,6.5,-2.8449567824574307,-0.0288620998543364,-8.288735808253179,0.124409944615289,0.6518196632265161,5.848180336773484,1.9970083018590268,9.72829482945592,0.5956434062285965,3.103517455194658
2023-11-30,20133.15039,83.3302993774414,82.83000183105469,186.3,6.5,5.52187048751176,0.0537480486428543,-5.239676969651052,0.0405757952649743,0.5396654074473872,5.960334592552613,-2.8449567824574307,-8.288735808253179,0.124409944615289,2.3034456946028654
2023-12-31,21731.40039,82.302001953125,77.04000091552734,185.7,6.5,7.93839994755039,0.0763905075567786,-6.990221885225834,-1.2340018360653793,-0.3220611916264215,6.822061191626421,5.52187048751176,-5.239676969651052,0.0405757952649743,3.603697690513554
2024-01-31,21725.69922,83.10970306396484,81.70999908447266,185.5,6.5,-0.026234710592432,-0.0002623815249462,6.061783636355167,0.9813869549611498,-0.1077005923532548,6.607700592353255,7.93839994755039,-6.990221885225834,-1.2340018360653793,4.369797928343771
2024-02-29,21982.80078,82.91190338134766,83.62000274658203,185.8,6.5,1.1833983219436517,0.0117645092057578,2.337539693440438,-0.2379983026349563,0.1617250673854542,6.338274932614546,-0.026234710592432,6.061783636355167,0.9813869549611498,2.5644401935763708
2024-03-31,22326.90039,83.39299774169922,87.4800033569336,185.8,6.5,1.5653128709288922,0.0155318821123544,4.616121123613981,0.5802476372286369,0.0,6.5,1.1833983219436517,2.337539693440438,-0.2379983026349563,3.1449443790125216
2024-04-30,22604.84961,83.45110321044922,87.86000061035156,186.7,6.5,1.244907332163736,0.0123722207796342,0.4343818459488613,0.0696766758882638,0.4843918191603791,6.015608180839621,1.5653128709288922,4.616121123613981,0.5802476372286369,2.745487435271051
2024-05-31,22530.69922,83.3208999633789,81.62000274658203,187.7,6.5,-0.3280286809216326,-0.0032856787446169,-7.102205577533704,-0.1560233982071612,0.5356186395286455,5.9643813604713545,1.244907332163736,0.4343818459488613,0.0696766758882638,3.056678911631248
2024-06-30,24010.59961,83.45089721679688,86.41000366210938,190.2,6.5,6.5683731141656265,0.063616594238839,5.868660566454009,0.1560199823514851,1.331912626531695,5.168087373468305,-0.3280286809216326,-7.102205577533704,-0.1560233982071612,8.100529477319128
2024-07-31,24951.15039,83.73899841308594,80.72000122070312,193.0,6.5,3.917231536393096,0.0384245456844532,-6.58488855486683,0.3452343903991961,1.4721345951629994,5.027865404837001,6.5683731141656265,5.868660566454009,0.1560199823514851,2.6356464500307584
2024-08-31,25235.90039,83.89510345458984,78.80000305175781,193.0,6.5,1.141229945510336,0.0113476704115389,-2.3785903616325377,0.1864185677667551,0.0,6.5,3.917231536393096,-6.58488855486683,0.3452343903991961,4.094271319580473
2024-09-30,25810.84961,83.71640014648438,71.7699966430664,194.2,6.5,2.278298816822999,0.0225273316882703,-8.921327584307226,-0.2130080311566695,0.6217616580310725,5.878238341968928,1.141229945510336,-2.3785903616325377,0.1864185677667551,3.300696011699288
2024-10-31,24205.34961,84.08910369873047,73.16000366210938,196.8,6.5,-6.220252429730078,-0.0642212640527101,1.9367522419652337,0.4451977767724768,1.338825952626177,5.161174047373823,2.278298816822999,-8.921327584307226,-0.2130080311566695,3.5258506485407084
2024-11-30,24131.09961,84.47160339355469,72.94000244140625,196.5,6.5,-0.3067503721132958,-0.0030722181541683,-0.3007124243995407,0.4548742678892381,-0.1524390243902496,6.652439024390249,-6.220252429730078,1.9367522419652337,0.4451977767724768,4.412257766884598
2024-12-31,23644.80078,85.7865982055664,74.63999938964844,195.4,6.5,-2.01523692603911,-0.0203581982427406,2.3306784910074763,1.556730024272346,-0.5597964376590325,7.059796437659033,-0.3067503721132958,-0.3007124243995407,0.4548742678892381,3.1161958561669576
2025-01-31,23508.40039,86.64700317382812,76.76000213623047,193.4,6.5,-0.5768726548771697,-0.0057854299208693,2.8403038101793454,1.00295965367454,-1.0235414534288667,7.523541453428867,-2.01523692603911,2.3306784910074763,1.556730024272346,4.138210775233135
2025-02-28,22124.69922,87.3270034790039,73.18000030517578,192.5,6.25,-5.885986060491799,-0.0606632244542324,-4.663889697007884,0.784793795824168,-0.4653567735263708,6.715356773526371,-0.5768726548771697,2.8403038101793454,1.00295965367454,3.260853052450842
2025-03-31,23519.34961,85.53880310058594,74.73999786376953,192.0,6.25,6.303590282209504,0.0611288737867157,2.13172663581338,-2.047706101409863,-0.2597402597402598,6.50974025974026,-5.885986060491799,-4.663889697007884,0.784793795824168,3.0844461087403663
2025-04-30,24334.19922,85.1707992553711,63.119998931884766,192.6,6.0,3.4645924462704425,0.0340592662187032,-15.547229413981023,-0.4302186047449141,0.3125000000000044,5.687499999999996,6.303590282209504,2.13172663581338,-2.047706101409863,5.905244800378861
2025-05-31,24750.69922,85.36129760742188,63.900001525878906,193.0,6.0,1.7115829299929608,0.0169710036980358,1.235745575401337,0.2236662726148752,0.2076843198338451,5.792315680166155,3.4645924462704425,-15.547229413981023,-0.4302186047449141,4.985956239339444
2025-06-30,25517.05078,85.4552993774414,67.61000061035156,194.2,5.5,3.0962824653484766,0.0304931468226429,5.805945220470998,0.1101222364868981,0.6217616580310725,4.878238341968928,1.7115829299929608,1.235745575401337,0.2236662726148752,3.0106413875221274
2025-07-31,24768.34961,87.714599609375,72.52999877929688,196.1,5.5,-2.934121095949005,-0.0297802740528903,7.27702725119046,2.643838648267627,0.9783728115345004,4.5216271884655,3.0962824653484766,5.805945220470998,0.1101222364868981,2.1629437507340348
2025-08-31,24426.84961,87.5916976928711,68.12000274658203,197.0,5.5,-1.3787757576795625,-0.0138836915364452,-6.080237290688673,-0.1401156900347588,0.4589495155532974,5.041050484446703,-2.934121095949005,7.27702725119046,2.643838648267627,2.734316483861456
2025-09-30,24611.09961,88.70449829101562,67.0199966430664,197.0,5.5,0.7542929315148772,0.0075146236730148,-1.6148063111621314,1.2704407237845938,0.0,5.5,-1.3787757576795625,-6.080237290688673,-0.1401156900347588,2.065743595289536
2025-10-31,25722.09961,88.6344985961914,65.06999969482422,197.3,5.5,4.514223328520339,0.0441529845617587,-2.909574822313765,-0.0789133540833209,0.1522842639593902,5.34771573604061,0.7542929315148772,-1.6148063111621314,1.2704407237845938,2.410554608997234
2025-11-30,26202.94922,89.36479949951172,63.20000076293945,197.9,5.5,1.869402643216023,0.018521440684018,-2.8738265570231847,0.8239465613129715,0.3041054232133744,5.195894576786626,4.514223328520339,-2.909574822313765,-0.0789133540833209,2.0737772731559545
2025-12-31,26129.59961,89.76940155029297,60.84999847412109,198.0,5.25,-0.2799288331407079,-0.0028032136661287,-3.718358007040423,0.4527532686776414,0.050530570995444,5.199469429004556,1.869402643216023,-2.8738265570231847,0.8239465613129715,2.161684379876045
