Date,Nifty,USDINR,Brent,CPI,Repo,Nifty_Return,Log_Return,Oil_Return,FX_Return,Inflation,Real_Repo,Nifty_Lag1,Oil_Lag1,FX_Lag1
2015-01-31,8808.900391,61.79600143432617,52.9900016784668,119.5,7.75,,,,,,,,,
2015-02-28,8844.599609,61.75400161743164,62.58000183105469,119.7,7.75,0.40526304550423387,0.004044440667571322,18.097754007969623,-0.06796526623031873,0.16736401673640433,7.582635983263596,,,
2015-03-31,8491.0,62.50899887084961,55.11000061035156,120.2,7.5,-3.997915390541684,-0.040800280074157966,-11.936722598490269,1.2225883888386857,0.41771094402673903,7.082289055973261,0.40526304550423387,18.097754007969623,-0.06796526623031873
2015-04-30,8181.5,63.44200134277344,66.77999877929688,120.7,7.5,-3.645035920386286,-0.03713127113041314,21.175826600795354,1.4925890492207605,0.4159733777038266,7.084026622296173,-3.997915390541684,-11.936722598490269,1.2225883888386857
2015-05-31,8433.650391,63.82500076293945,65.55999755859375,121.6,7.5,3.081957966143123,0.030354194242599334,-1.8268961410663476,0.6037000915161794,0.7456503728251684,6.754349627174832,-3.645035920386286,21.175826600795354,1.4925890492207605
2015-06-30,8368.5,63.7239990234375,63.59000015258789,123.0,7.25,-0.772505237702581,-0.007755045157856801,-3.0048771802427043,-0.158247925255961,1.1513157894736947,6.098684210526305,3.081957966143123,-1.8268961410663476,0.6037000915161794
2015-07-31,8532.849609,64.11799621582031,52.209999084472656,123.6,7.25,1.9639076178526782,0.019448717793801824,-17.89589721781454,0.6182869851559358,0.4878048780487809,6.762195121951219,-0.772505237702581,-3.0048771802427043,-0.158247925255961
2015-08-31,7971.299805,66.14299774169922,54.150001525878906,124.8,7.25,-6.5810348210955,-0.06807580805849829,3.7157680050279973,3.158242062123673,0.9708737864077666,6.279126213592233,1.9639076178526782,-17.89589721781454,0.6182869851559358
2015-09-30,7948.899902,65.91999816894531,48.369998931884766,125.4,6.75,-0.2810069066270571,-0.002814024722531968,-10.674058044544676,-0.3371476654637884,0.48076923076922906,6.269230769230771,-6.5810348210955,3.7157680050279973,3.158242062123673
2015-10-31,8065.799805,65.44400024414062,49.560001373291016,126.1,6.75,1.4706425347057905,0.01459933454564628,2.46020770660349,-0.722084250646915,0.5582137161084466,6.191786283891553,-0.2810069066270571,-10.674058044544676,-0.3371476654637884
2015-11-30,7935.25,66.9000015258789,44.61000061035156,126.6,6.75,-1.6185599463933054,-0.016318017061766842,-9.987894725134371,2.2248048351363403,0.3965107057890549,6.353489294210945,1.4706425347057905,2.46020770660349,-0.722084250646915
2015-12-31,7946.350098,66.45500183105469,37.27999877929688,126.1,6.75,0.13988340631989615,0.001397856606257977,-16.431297311737282,-0.6651714270171971,-0.3949447077409185,7.144944707740919,-1.6185599463933054,-9.987894725134371,2.2248048351363403
2016-01-31,7563.549805,68.09300231933594,34.7400016784668,126.3,6.75,-4.817309686573545,-0.04937208516163674,-6.81329716738256,2.4648264888254223,0.15860428231562196,6.591395717684378,0.13988340631989615,-16.431297311737282,-0.6651714270171971
2016-02-29,6987.049805,68.7300033569336,35.970001220703125,126.0,6.75,-7.622082419803677,-0.07928222312976356,3.5405857305951915,0.935486784104933,-0.23752969121140222,6.987529691211402,-4.817309686573545,-6.81329716738256,2.4648264888254223
2016-03-31,7738.399902,66.36799621582031,39.59999847412109,126.0,6.75,10.753467027848117,0.10213652743901921,10.091735141028169,-3.4366463345661957,0.0,6.75,-7.622082419803677,3.5405857305951915,0.935486784104933
2016-04-30,7849.799805,66.43800354003906,48.130001068115234,127.3,6.5,1.4395728369014371,0.01429309369926729,21.540411420895822,0.10548355865844794,1.031746031746028,5.468253968253972,10.753467027848117,10.091735141028169,-3.4366463345661957
2016-05-31,8160.100098,67.13300323486328,49.68999862670898,128.6,6.5,3.952970785348575,0.038768406891191466,3.241216546797876,1.04608756704343,1.021209740769824,5.478790259230176,1.4395728369014371,21.540411420895822,0.10548355865844794
2016-06-30,8287.75,67.41600036621094,49.68000030517578,130.1,6.5,1.5643178449647577,0.015522085156975441,-0.020121396275951664,0.42154695561227307,1.1664074650077794,5.333592534992221,3.952970785348575,3.241216546797876,1.04608756704343
2016-07-31,8638.5,67.00700378417969,42.459999084472656,131.1,6.5,4.232149859732748,0.04145043566318204,-14.53301363999977,-0.6066758333474809,0.768639508070712,5.731360491929288,1.5643178449647577,-0.020121396275951664,0.42154695561227307
2016-08-31,8786.200195,67.12660217285156,47.040000915527344,131.1,6.5,1.7097898361984054,0.016953374343064775,10.786627248726344,0.17848639980544423,0.0,6.5,4.232149859732748,-14.53301363999977,-0.6066758333474809
2016-09-30,8611.150391,66.81629943847656,49.060001373291016,130.9,6.5,-1.9923266043905596,-0.020124410427602563,4.294218576634612,-0.4622649208073537,-0.15255530129670847,6.652555301296708,1.7097898361984054,10.786627248726344,0.17848639980544423
2016-10-31,8638.0,66.78140258789062,48.29999923706055,131.4,6.25,0.31180048867875954,0.0031131539903474542,-1.549127833176589,-0.05222805045955736,0.381970970206269,5.868029029793731,-1.9923266043905596,4.294218576634612,-0.4622649208073537
2016-11-30,8224.5,68.60800170898438,50.470001220703125,131.2,6.25,-4.78698772864089,-0.04905357000843359,4.492757801075786,2.7351913112183768,-0.15220700152208666,6.402207001522086,0.31180048867875954,-1.549127833176589,-0.05222805045955736
2016-12-31,8185.799805,67.93299865722656,56.130001068115234,130.4,6.25,-0.4705476928688723,-0.004716582537069831,11.214582346969193,-0.9838547034513367,-0.609756097560965,6.859756097560965,-4.78698772864089,4.492757801075786,2.7351913112183768
2017-01-31,8561.299805,67.82099914550781,55.70000076293945,130.3,6.25,4.5872121105458685,0.044851103011655,-0.7660792748853895,-0.16486761063481126,-0.07668711656441118,6.326687116564411,-0.4705476928688723,11.214582346969193,-0.9838547034513367
2017-02-28,8879.599609,66.69319915771484,55.59000015258789,130.6,6.25,3.717891105905502,0.03650444190629816,-0.19748762808770026,-1.6629067722421897,0.2302379125095788,6.019762087490421,4.5872121105458685,-0.7660792748853895,-0.16486761063481126
2017-03-31,9173.75,64.79000091552734,52.83000183105469,130.9,6.25,3.3126537676525514,0.032589677966176324,-4.964918715519584,-2.8536616420016814,0.22970903522205877,6.020290964777941,3.717891105905502,-0.19748762808770026,-1.6629067722421897
2017-04-30,9304.049805,64.05999755859375,51.72999954223633,131.1,6.25,1.4203548712358627,0.014103623398846833,-2.0821545536493846,-1.1267222513013486,0.15278838808250317,6.097211611917497,3.3126537676525514,-4.964918715519584,-2.8536616420016814
2017-05-31,9621.25,64.61859893798828,50.310001373291016,131.4,6.25,3.409270174258272,0.033524425590407775,-2.7450187154668737,0.871997191201257,0.22883295194509046,6.0211670480549095,1.4203548712358627,-2.0821545536493846,-1.1267222513013486
2017-06-30,9520.900391,64.78510284423828,47.91999816894531,132.0,6.25,-1.0429997037807004,-0.010484770648862525,-4.750552850540224,0.2576717988110211,0.45662100456620447,5.7933789954337955,3.409270174258272,-2.7450187154668737,0.871997191201257
2017-07-31,10077.09961,64.12349700927734,52.650001525878906,134.2,6.25,5.8418762528570145,0.05677606091825743,9.870625078610473,-1.021231434256764,1.6666666666666607,4.583333333333339,-1.0429997037807004,-4.750552850540224,0.2576717988110211
2017-08-31,9917.900391,63.976200103759766,52.380001068115234,135.4,6.0,-1.579811901849404,-0.015924239373965254,-0.5128213674048254,-0.2297081606392526,0.8941877794336861,5.105812220566314,5.8418762528570145,9.870625078610473,-1.021231434256764
2017-09-30,9788.599609,65.36000061035156,57.540000915527344,135.2,6.0,-1.3037112382912497,-0.013122841454091158,9.851087709414163,2.162992650935003,-0.1477104874446189,6.147710487444619,-1.579811901849404,-0.5128213674048254,-0.2297081606392526
2017-10-31,10335.2998,64.84239959716797,61.369998931884766,136.1,6.0,5.585070519151114,0.054346797629752544,6.656235584667658,-0.7919232073899551,0.6656804733727872,5.334319526627213,-1.3037112382912497,9.851087709414163,2.162992650935003
2017-11-30,10226.5498,64.41480255126953,63.56999969482422,137.6,6.0,-1.052219114147035,-0.010577940811987811,3.5848147323275237,-0.6594405027495531,1.102130786186617,4.897869213813383,5.585070519151114,6.656235584667658,-0.7919232073899551
2017-12-31,10530.7002,64.06199645996094,66.5999984741211,137.2,6.0,2.9741252519006833,0.029307559536143616,4.766397347558238,-0.5477096526497749,-0.29069767441860517,6.290697674418605,-1.052219114147035,3.5848147323275237,-0.6594405027495531
2018-01-31,11027.7002,63.769901275634766,69.05000305175781,136.9,6.0,4.719534224324429,0.04611548778399413,3.6786856362897913,-0.45595704234527856,-0.21865889212826506,6.218658892128265,2.9741252519006833,4.766397347558238,-0.5477096526497749
2018-02-28,10492.84961,64.91000366210938,65.77999877929688,136.4,6.0,-4.850064658087094,-0.04971627178465135,-4.735704747195801,1.7878377787456712,-0.36523009495982306,6.3652300949598235,4.719534224324429,3.6786856362897913,-0.45595704234527856
2018-03-31,10113.7002,65.02999877929688,70.2699966430664,136.5,6.0,-3.6134074545265515,-0.03680307552280834,6.825779791869935,0.1848638274804859,0.07331378299120228,5.926686217008798,-4.850064658087094,-4.735704747195801,1.7878377787456712
2018-04-30,10739.34961,66.61000061035156,75.16999816894531,137.1,6.0,6.186157367013911,0.06002356938073487,6.973106247276872,2.429650716151799,0.439560439560438,5.560439560439562,-3.6134074545265515,6.825779791869935,0.1848638274804859
2018-05-31,10736.15039,67.43000030517578,77.58999633789062,137.8,6.0,-0.029789699713467233,-0.000297941377259146,3.2193670718287715,1.2310459199977641,0.510576221735981,5.489423778264019,6.186157367013911,6.973106247276872,2.429650716151799
2018-06-30,10714.2998,68.79669952392578,79.44000244140625,138.5,6.25,-0.20352350895114224,-0.0020373089948472548,2.384335856209052,2.0268414838567006,0.5079825834542806,5.742017416545719,-0.029789699713467233,3.2193670718287715,1.2310459199977641
2018-07-31,11356.5,68.68499755859375,74.25,139.8,5.75,5.993860653404526,0.05821098808253431,-6.533235500885482,-0.16236529674390487,0.9386281588447787,4.811371841155221,-0.20352350895114224,2.384335856209052,2.0268414838567006
2018-08-31,11680.5,71.40499877929688,77.41999816894531,140.4,6.5,2.8529916787742637,0.028130517473679395,4.269357803293361,3.9601096562356997,0.42918454935620964,6.07081545064379,5.993860653404526,-6.533235500885482,-0.16236529674390487
2018-09-30,10930.4502,72.94999694824219,82.72000122070312,140.2,6.5,-6.4213843585463,-0.06636829397581755,6.845780388927669,2.163711498295373,-0.14245014245015675,6.642450142450157,2.8529916787742637,4.269357803293361,3.9601096562356997
2018-10-31,10386.59961,73.6500015258789,75.47000122070312,140.7,6.5,-4.9755552612096405,-0.05103601444697446,-8.764506640487657,0.9595676585612001,0.3566333808844524,6.143366619115548,-6.4213843585463,6.845780388927669,2.163711498295373
2018-11-30,10876.75,69.91999816894531,58.709999084472656,140.8,6.5,4.7190650299843595,0.046111007288596045,-22.207502140112357,-5.064498682492157,0.0710732054015839,6.428926794598416,-4.9755552612096405,-8.764506640487657,0.9595676585612001
2018-12-31,10862.5498,69.92250061035156,53.79999923706055,140.1,6.5,-0.13055554278621484,-0.001306408407839012,-8.363140732377705,0.003579006681619923,-0.49715909090910504,6.997159090909105,4.7190650299843595,-22.207502140112357,-5.064498682492157
2019-01-31,10830.9502,71.12000274658203,61.88999938964844,139.6,6.5,-0.2909040748425462,-0.002913280231345421,15.037175218052855,1.7126134302656526,-0.35688793718772205,6.856887937187722,-0.13055554278621484,-8.363140732377705,0.003579006681619923
2019-02-28,10792.5,71.19000244140625,66.02999877929688,139.9,6.25,-0.3550030171867946,-0.003556346482137315,6.689286525248983,0.09842476394952282,0.21489971346706493,6.035100286532935,-0.2909040748425462,15.037175218052855,1.7126134302656526
2019-03-31,11570.0,69.5,68.38999938964844,140.4,6.25,7.204076905258283,0.0695640927580897,3.5741339602924915,-2.3739322706123334,0.3573981415296634,5.892601858470337,-0.3550030171867946,6.689286525248983,0.09842476394952282
2019-04-30,11748.15039,69.81179809570312,72.80000305175781,141.2,6.0,1.5397613656007003,0.01528027337673782,6.448316568894241,0.4486303535296665,0.5698005698005604,5.43019943019944,7.204076905258283,3.5741339602924915,-2.3739322706123334
2019-05-31,11922.7998,69.9800033569336,64.48999786376953,142.0,6.0,1.4866119704141756,0.014756702024628792,-11.414841812685372,0.24094102403704465,0.56657223796035,5.43342776203965,1.5397613656007003,6.448316568894241,0.4486303535296665
2019-06-30,11788.84961,69.32499694824219,66.55000305175781,142.9,5.75,-1.123479319010301,-0.011298380185523394,3.1943018393951528,-0.9359908220503255,0.6338028169014187,5.116197183098581,1.4866119704141756,-11.414841812685372,0.24094102403704465
2019-07-31,11118.0,69.07749938964844,65.16999816894531,144.2,5.75,-5.690543455834273,-0.0585887198901507,-2.0736360924570207,-0.3570105582240912,0.9097270818754222,4.840272918124578,-1.123479319010301,3.1943018393951528,-0.9359908220503255
2019-08-31,11023.25,71.6801986694336,60.43000030517578,145.0,5.4,-0.852221622593996,-0.008558737956063128,-7.273282180370266,3.767796030229764,0.554785020804438,4.845214979195562,-5.690543455834273,-2.0736360924570207,-0.3570105582240912
2019-09-30,11474.4502,70.49870300292969,60.77999877929688,145.8,5.4,4.09316853015218,0.04011616336950627,0.579179997275503,-1.648287377037816,0.5517241379310533,4.848275862068947,-0.852221622593996,-7.273282180370266,3.767796030229764
2019-10-31,11877.4502,70.98999786376953,60.22999954223633,147.2,5.4,3.5121508479770025,0.03451881932391306,-0.9049016915214203,0.6968849637126295,0.9602194787379892,4.439780521262011,4.09316853015218,0.579179997275503,-1.648287377037816
2019-11-30,12056.0498,71.54740142822266,62.43000030517578,148.6,5.4,1.503686372012747,0.014924930770320241,3.652666079462108,0.7851860561015833,0.9510869565217517,4.448913043478249,3.5121508479770025,-0.9049016915214203,0.6968849637126295
2019-12-31,12168.4502,71.31099700927734,66.0,150.4,5.4,0.932315326036548,0.009279960918678528,5.718404096384799,-0.33041649902894044,1.211305518169592,4.188694481830408,1.503686372012747,3.652666079462108,0.7851860561015833
2020-01-31,11962.09961,71.63999938964844,58.15999984741211,150.2,5.4,-1.6957836586289354,-0.017103267167129663,-11.878788109981652,0.4613627549314714,-0.13297872340426453,5.532978723404264,0.932315326036548,5.718404096384799,-0.33041649902894044
2020-02-29,11201.75,71.93000030517578,50.52000045776367,149.1,5.4,-6.35632234130844,-0.06567326969521417,-13.136175051053389,0.4048030681156778,-0.7323568575232975,6.132356857523298,-1.6957836586289354,-11.878788109981652,0.4613627549314714
2020-03-31,8597.75,75.4000015258789,22.739999771118164,148.6,4.4,-23.24636775503828,-0.2645694749733552,-54.9881243763457,4.824136251885203,-0.3353454057679395,4.73534540576794,-6.35632234130844,-13.136175051053389,0.4048030681156778
2020-04-30,9859.900391,75.25849914550781,25.270000457763672,151.4,4.4,14.680008036986415,0.136975525108924,11.125772700573355,-0.1876689356863248,1.8842530282638048,2.5157469717361955,-23.24636775503828,-54.9881243763457,4.824136251885203
2020-05-31,9580.299805,75.95999908447266,35.33000183105469,150.9,4.0,-2.835734387897215,-0.02876717985258591,39.81005615771682,0.9321205537311306,-0.33025099075296716,4.330250990752967,14.680008036986415,11.125772700573355,-0.1876689356863248
2020-06-30,10302.09961,75.69999694824219,41.150001525878906,151.8,4.0,7.534208946397358,0.07263883371468838,16.473250476054325,-0.3422882298107055,0.5964214711729587,3.4035785288270413,-2.835734387897215,39.81005615771682,0.9321205537311306
2020-07-31,11073.4502,74.98999786376953,43.29999923706055,153.9,4.0,7.487314423278035,0.07220264925158977,5.224781607430873,-0.937911642134015,1.383399209486158,2.616600790513842,7.534208946397358,16.473250476054325,-0.3422882298107055
2020-08-31,11387.5,73.12830352783203,45.27999877929688,154.7,4.0,2.8360609776346024,0.027965893241526603,4.572747291278589,-2.4825901973214437,0.5198180636777128,3.4801819363222872,7.487314423278035,5.224781607430873,-0.937911642134015
2020-09-30,11247.5498,73.84500122070312,40.95000076293945,156.4,4.0,-1.2289809001097662,-0.012365953212099368,-9.56271672502167,0.9800551336437424,1.0989010989011172,2.901098901098883,2.8360609776346024,4.572747291278589,-2.4825901973214437
2020-10-31,11642.40039,74.26399993896484,37.459999084472656,158.4,4.0,3.5105476038879146,0.03450333074124933,-8.522592462624123,0.5674029539378678,1.278772378516635,2.721227621483365,-1.2289809001097662,-9.56271672502167,0.9800551336437424
2020-11-30,12968.9502,73.94090270996094,47.59000015258789,158.9,4.0,11.394126344764866,0.10790441430502772,27.042181835808332,-0.4350657509283762,0.31565656565657463,3.6843434343434254,3.5105476038879146,-8.522592462624123,0.5674029539378678
2020-12-31,13981.75,73.13400268554688,51.79999923706055,157.3,4.0,7.809420071641582,0.07519485337808972,8.84639434959893,-1.0912769452912863,-1.0069225928256764,5.006922592825676,11.394126344764866,27.042181835808332,-0.4350657509283762
2021-01-31,13634.59961,72.93879699707031,55.880001068115234,156.3,4.0,-2.4828822572281806,-0.025142256801768972,7.87645152731129,-0.2669150891629557,-0.6357279084551859,4.635727908455186,7.809420071641582,8.84639434959893,-1.0912769452912863
2021-02-28,14529.15039,73.1509017944336,66.12999725341797,156.6,4.0,6.560887782461267,0.06354635206114886,18.342870417644484,0.2907983214636811,0.19193857965449368,3.8080614203455063,-2.4828822572281806,7.87645152731129,-0.2669150891629557
2021-03-31,14690.7002,73.44529724121094,63.540000915527344,156.8,4.0,1.1119012857846666,0.011057651070402536,-3.9165226757313376,0.40244951129193574,0.12771392081738497,3.872286079182615,6.560887782461267,18.342870417644484,0.2907983214636811
2021-04-30,14631.09961,74.10579681396484,67.25,157.8,4.0,-0.4057028541090246,-0.0040652806081918815,5.83884014953806,0.8993081893108545,0.6377551020408267,3.3622448979591733,1.1119012857846666,-3.9165226757313376,0.40244951129193574
2021-05-31,15582.7998,72.39350128173828,69.62999725341797,160.4,4.0,6.504638854003408,0.06301835552738215,3.5390293731122124,-2.3106094338680494,1.6476552598225558,2.352344740177444,-0.4057028541090246,5.83884014953806,0.8993081893108545
2021-06-30,15721.5,74.28759765625,75.12999725341797,161.3,4.0,0.8900852335919751,0.008861473248887723,7.898894466393247,2.6163900639925464,0.5610972568578676,3.4389027431421324,6.504638854003408,3.5390293731122124,-2.3106094338680494
2021-07-31,15763.0498,74.25199890136719,76.33000183105469,162.5,4.0,0.2642864866583938,0.002639378640298177,1.5972376168057467,-0.047920185880201416,0.7439553626782391,3.256044637321761,0.8900852335919751,7.898894466393247,2.6163900639925464
2021-08-31,17132.19922,73.41120147705078,72.98999786376953,162.9,4.0,8.68581548222982,0.08329110728041383,-4.375742024319306,-1.1323566190228562,0.2461538461538515,3.7538461538461485,0.2642864866583938,1.5972376168057467,-0.047920185880201416
2021-09-30,17618.15039,74.3219985961914,78.5199966430664,163.2,4.0,2.836478631609096,0.027969954590458142,7.576378875388112,1.2406786713950568,0.18416206261508972,3.8158379373849103,8.68581548222982,-4.375742024319306,-1.1323566190228562
2021-10-31,17671.65039,74.79720306396484,84.37999725341797,165.5,4.0,0.3036641123824513,0.0030320398417752175,7.4630678309752785,0.6393860186071354,1.4093137254902022,2.590686274509798,2.836478631609096,7.576378875388112,1.2406786713950568
2021-11-30,16983.19922,75.05490112304688,70.56999969482422,166.7,4.0,-3.8957944210438855,-0.0397371084412367,-16.366435183824745,0.34452900446244605,0.7250755287008914,3.2749244712991086,0.3036641123824513,7.4630678309752785,0.6393860186071354
2021-12-31,17354.05078,74.43119812011719,77.77999877929688,166.2,4.0,2.183637812852579,0.02160137928564491,10.216804755068543,-0.8309957026086501,-0.29994001199760145,4.2999400119976015,-3.8957944210438855,-16.366435183824745,0.34452900446244605
2022-01-31,17339.84961,75.03900146484375,91.20999908447266,165.7,4.0,-0.08183201824191189,-0.0008186551891539129,17.266650187645062,0.8165975559679906,-0.30084235860409203,4.300842358604092,2.183637812852579,10.216804755068543,-0.8309957026086501
2022-02-28,16793.90039,75.06800079345703,100.98999786376952,166.1,4.0,-3.1485233856073935,-0.03199154984560595,10.722507266159798,0.03864567497857685,0.24140012070006378,3.758599879299936,-0.08183201824191189,17.266650187645062,0.8165975559679906
2022-03-31,17464.75,75.82779693603516,107.91000366210938,167.7,4.0,3.9946027689878427,0.039168815354573866,6.85216946699474,1.0121438356519352,0.9632751354605729,3.036724864539427,-3.1485233856073935,10.722507266159798,0.03864567497857685
2022-04-30,17102.55078,76.58899688720703,109.33999633789062,170.1,4.0,-2.073887229991833,-0.020956943008208235,1.3251715570864686,1.0038534441584535,1.4311270125223707,2.5688729874776293,3.9946027689878427,6.85216946699474,1.0121438356519352
2022-05-31,16584.55078,77.5208969116211,122.83999633789062,171.7,4.4,-3.0287879665631956,-0.03075603469399154,12.346808534985954,1.2167544455327972,0.9406231628453776,3.4593768371546227,-2.073887229991833,1.3251715570864686,1.0038534441584535
2022-06-30,15780.25,78.89830017089844,114.80999755859376,172.6,4.9,-4.849698919611023,-0.049712427979904196,-6.536957846538105,1.7768154319056428,0.5241700640652436,4.375829935934757,-3.0287879665631956,12.346808534985954,1.2167544455327972
2022-07-31,17158.25,79.57150268554688,110.01000213623048,173.4,4.9,8.732434530504896,0.08371994937611467,-4.180816587783287,0.8532535088718429,0.4634994206257348,4.436500579374266,-4.849698919611023,-6.536957846538105,1.7768154319056428
2022-08-31,17759.30078,79.68229675292969,96.48999786376952,174.3,5.4,3.5029841621377455,0.03443025878610697,-12.289795482158539,0.139238375101014,0.519031141868509,4.880968858131491,8.732434530504896,-4.180816587783287,0.8532535088718429
2022-09-30,17094.34961,81.48059844970703,87.95999908447266,175.3,5.9,-3.7442418383321074,-0.03816138955335528,-8.840293261629084,2.256839687180867,0.5737234652897216,5.326276534710279,3.5029841621377455,-12.289795482158539,0.139238375101014
2022-10-31,18012.19922,82.23919677734375,94.83000183105467,176.7,5.9,5.369315773576244,0.0523012860421994,7.810371553078799,0.9310171280896506,0.7986309184255358,5.101369081574465,-3.7442418383321074,-8.840293261629084,2.256839687180867
2022-11-30,18758.34961,81.63089752197266,85.43000030517578,176.5,5.9,4.142472448181156,0.040589703045218466,-9.912476372852508,-0.7396707156783311,-0.11318619128465324,6.013186191284653,5.369315773576244,7.810371553078799,0.9310171280896506
2022-12-31,18105.30078,82.83509826660156,85.91000366210938,175.7,6.25,-3.4813767926143213,-0.03543420965763754,0.5618674414361591,1.4751776363904012,-0.45325779036827774,6.703257790368278,4.142472448181156,-9.912476372852508,-0.7396707156783311
2023-01-31,17662.15039,81.57990264892578,84.48999786376953,176.5,6.25,-2.4476278819379083,-0.02478080226883044,-1.6528992408437526,-1.5152944149785186,0.4553215708594349,5.794678429140565,-3.4813767926143213,0.5618674414361591,1.4751776363904012
2023-02-28,17303.94922,82.6520004272461,83.88999938964844,176.8,6.5,-2.0280722453977496,-0.020489199836232753,-0.7101414241819759,1.3141689846505766,0.16997167138810276,6.330028328611897,-2.4476278819379083,-1.6528992408437526,-1.5152944149785186
2023-03-31,17359.75,82.10050201416016,79.7699966430664,177.2,6.5,0.322474247297877,0.003219554141998844,-4.911196538988671,-0.6672535573671867,0.2262443438913797,6.27375565610862,-2.0280722453977496,-0.7101414241819759,1.3141689846505766
2023-04-30,18065.0,81.76509857177734,79.54000091552734,178.1,6.5,4.062558504586766,0.039822056392752755,-0.2883236018777713,-0.408527882478682,0.5079006772009009,5.992099322799099,0.322474247297877,-4.911196538988671,-0.6672535573671867
2023-05-31,18534.40039,82.68389892578125,72.66000366210938,179.1,6.5,2.5983968447273575,0.025652121331446603,-8.649732429252332,1.1237072663678571,0.5614823133071267,5.938517686692873,4.062558504586766,-0.2883236018777713,-0.408527882478682
2023-06-30,19189.05078,82.07540130615234,74.9000015258789,181.0,6.5,3.5320829173044688,0.034711358560834175,3.0828485423510132,-0.7359324215892471,1.06085985482971,5.43914014517029,2.5983968447273575,-8.649732429252332,1.1237072663678571
2023-07-31,19753.80078,82.25279998779297,85.55999755859375,186.3,6.5,2.9430846083779105,0.02900607289713027,14.232304159608965,0.2161411078319464,2.9281767955801064,3.5718232044198936,3.5320829173044688,3.0828485423510132,-0.7359324215892471
2023-08-31,19253.80078,82.70040130615234,86.86000061035156,186.2,6.5,-2.531158461951444,-0.025637433027665087,1.5194051996875402,0.54417760662957,-0.05367686527107951,6.553676865271079,2.9430846083779105,14.232304159608965,0.2161411078319464
2023-09-30,19638.30078,83.19300079345703,95.30999755859376,184.1,6.5,1.9970083018590268,0.019773296492104776,9.728294829455919,0.5956434062285965,-1.1278195488721776,7.627819548872178,-2.531158461951444,1.5194051996875402,0.54417760662957
2023-10-31,19079.59961,83.29650115966797,87.41000366210938,185.3,6.5,-2.8449567824574307,-0.02886209985433648,-8.288735808253179,0.12440994461528909,0.6518196632265161,5.848180336773484,1.9970083018590268,9.728294829455919,0.5956434062285965
2023-11-30,20133.15039,83.3302993774414,82.83000183105469,186.3,6.5,5.52187048751176,0.05374804864285435,-5.239676969651052,0.040575795264974346,0.5396654074473872,5.960334592552613,-2.8449567824574307,-8.288735808253179,0.12440994461528909
2023-12-31,21731.40039,82.302001953125,77.04000091552734,185.7,6.5,7.93839994755039,0.07639050755677868,-6.990221885225834,-1.2340018360653793,-0.32206119162642155,6.822061191626421,5.52187048751176,-5.239676969651052,0.040575795264974346
2024-01-31,21725.69922,83.10970306396484,81.70999908447266,185.5,6.5,-0.026234710592432098,-0.0002623815249462666,6.061783636355167,0.9813869549611498,-0.1077005923532548,6.607700592353255,7.93839994755039,-6.990221885225834,-1.2340018360653793
2024-02-29,21982.80078,82.91190338134766,83.62000274658203,185.8,6.5,1.1833983219436517,0.011764509205757867,2.337539693440438,-0.23799830263495636,0.16172506738545422,6.338274932614546,-0.026234710592432098,6.061783636355167,0.9813869549611498
2024-03-31,22326.90039,83.39299774169922,87.4800033569336,185.8,6.5,1.5653128709288922,0.015531882112354484,4.616121123613981,0.5802476372286369,0.0,6.5,1.1833983219436517,2.337539693440438,-0.23799830263495636
2024-04-30,22604.84961,83.45110321044922,87.86000061035156,186.7,6.5,1.244907332163736,0.01237222077963424,0.4343818459488613,0.06967667588826387,0.4843918191603791,6.015608180839621,1.5653128709288922,4.616121123613981,0.5802476372286369
2024-05-31,22530.69922,83.3208999633789,81.62000274658203,187.7,6.5,-0.3280286809216326,-0.0032856787446169807,-7.102205577533704,-0.15602339820716127,0.5356186395286455,5.9643813604713545,1.244907332163736,0.4343818459488613,0.06967667588826387
2024-06-30,24010.59961,83.45089721679688,86.41000366210938,190.2,6.5,6.5683731141656265,0.06361659423883903,5.868660566454009,0.15601998235148518,1.331912626531695,5.168087373468305,-0.3280286809216326,-7.102205577533704,-0.15602339820716127
2024-07-31,24951.15039,83.73899841308594,80.72000122070312,193.0,6.5,3.9172315363930954,0.03842454568445328,-6.58488855486683,0.3452343903991961,1.4721345951629994,5.027865404837001,6.5683731141656265,5.868660566454009,0.15601998235148518
2024-08-31,25235.90039,83.89510345458984,78.80000305175781,193.0,6.5,1.1412299455103359,0.011347670411538982,-2.3785903616325377,0.18641856776675514,0.0,6.5,3.9172315363930954,-6.58488855486683,0.3452343903991961
2024-09-30,25810.84961,83.71640014648438,71.7699966430664,194.2,6.5,2.278298816822999,0.022527331688270386,-8.921327584307226,-0.21300803115666955,0.6217616580310725,5.8782383419689275,1.1412299455103359,-2.3785903616325377,0.18641856776675514
2024-10-31,24205.34961,84.08910369873047,73.16000366210938,196.8,6.5,-6.220252429730078,-0.06422126405271013,1.9367522419652339,0.44519777677247685,1.338825952626177,5.161174047373823,2.278298816822999,-8.921327584307226,-0.21300803115666955
2024-11-30,24131.09961,84.47160339355469,72.94000244140625,196.5,6.5,-0.3067503721132958,-0.0030722181541683238,-0.3007124243995407,0.4548742678892381,-0.1524390243902496,6.652439024390249,-6.220252429730078,1.9367522419652339,0.44519777677247685
2024-12-31,23644.80078,85.7865982055664,74.63999938964844,195.4,6.5,-2.01523692603911,-0.0203581982427406,2.3306784910074763,1.5567300242723459,-0.5597964376590325,7.059796437659033,-0.3067503721132958,-0.3007124243995407,0.4548742678892381
2025-01-31,23508.40039,86.64700317382812,76.76000213623047,193.4,6.5,-0.5768726548771697,-0.005785429920869377,2.8403038101793454,1.00295965367454,-1.0235414534288667,7.523541453428867,-2.01523692603911,2.3306784910074763,1.5567300242723459
2025-02-28,22124.69922,87.3270034790039,73.18000030517578,192.5,6.25,-5.885986060491799,-0.060663224454232445,-4.663889697007884,0.784793795824168,-0.46535677352637084,6.715356773526371,-0.5768726548771697,2.8403038101793454,1.00295965367454
2025-03-31,23519.34961,85.53880310058594,74.73999786376953,192.0,6.25,6.303590282209504,0.0611288737867157,2.13172663581338,-2.047706101409863,-0.2597402597402598,6.50974025974026,-5.885986060491799,-4.663889697007884,0.784793795824168
2025-04-30,24334.19922,85.1707992553711,63.119998931884766,192.6,6.0,3.4645924462704425,0.034059266218703234,-15.547229413981023,-0.43021860474491413,0.31250000000000444,5.687499999999996,6.303590282209504,2.13172663581338,-2.047706101409863
2025-05-31,24750.69922,85.36129760742188,63.900001525878906,193.0,6.0,1.7115829299929608,0.016971003698035874,1.235745575401337,0.22366627261487526,0.20768431983384517,5.792315680166155,3.4645924462704425,-15.547229413981023,-0.43021860474491413
2025-06-30,25517.05078,85.4552993774414,67.61000061035156,194.2,5.5,3.0962824653484766,0.030493146822642925,5.805945220470998,0.11012223648689812,0.6217616580310725,4.8782383419689275,1.7115829299929608,1.235745575401337,0.22366627261487526
2025-07-31,24768.34961,87.714599609375,72.52999877929688,196.1,5.5,-2.934121095949005,-0.02978027405289034,7.27702725119046,2.643838648267627,0.9783728115345003,4.5216271884655,3.0962824653484766,5.805945220470998,0.11012223648689812
2025-08-31,24426.84961,87.5916976928711,68.12000274658203,197.0,5.5,-1.3787757576795623,-0.013883691536445203,-6.080237290688673,-0.14011569003475888,0.45894951555329744,5.041050484446703,-2.934121095949005,7.27702725119046,2.643838648267627
2025-09-30,24611.09961,88.70449829101562,67.0199966430664,197.0,5.5,0.7542929315148772,0.007514623673014869,-1.6148063111621314,1.2704407237845938,0.0,5.5,-1.3787757576795623,-6.080237290688673,-0.14011569003475888
2025-10-31,25722.09961,88.6344985961914,65.06999969482422,197.3,5.5,4.514223328520339,0.044152984561758715,-2.909574822313765,-0.0789133540833209,0.1522842639593902,5.34771573604061,0.7542929315148772,-1.6148063111621314,1.2704407237845938
2025-11-30,26202.94922,89.36479949951172,63.20000076293945,197.9,5.5,1.8694026432160227,0.018521440684018026,-2.8738265570231847,0.8239465613129715,0.3041054232133744,5.195894576786626,4.514223328520339,-2.909574822313765,-0.0789133540833209
2025-12-31,26129.59961,89.76940155029297,60.84999847412109,198.0,5.25,-0.27992883314070793,-0.0028032136661287656,-3.718358007040423,0.45275326867764143,0.050530570995444,5.199469429004556,1.8694026432160227,-2.8738265570231847,0.8239465613129715
