Actual_Variance,Forecasted_Variance
0.17553255637227674,0.537304325753499
1.8063961901940857,0.5515377678484176
0.6908407932429148,0.5607018346233404
1.9460010234637468,0.5713429283159078
1.0050621629622105,0.5957192357429044
0.2405601382879734,0.6044079537453662
0.10289635933717255,0.6143155355067754
0.2258052546799165,0.6258487141366783
0.5715171435466586,0.6393957097221448
0.2575644547753658,0.6528232003767548
0.8790586465657864,0.659428155016667
0.0006771744089464915,0.6681198045832067
0.03589118506748622,0.6810323445335893
0.06160398890917449,0.68784444411962
0.023965676013625682,0.6962440248214115
0.008771101925891433,0.7061805767925791
1.4056925122214023,0.7130872305849985
0.20712966941845898,0.7250189199405908
0.028601205752035733,0.7352299021861509
0.03677060149115336,0.7474102132209911
0.20513662692185614,0.7572520098245876
0.020649744831178662,0.7596871340699162
0.002472885350141477,0.7704957410537544
0.0013598172786510505,0.7871910860992483
0.22922884086738374,0.7936147103909161
1.070946922268164,0.8007635927377483
0.03301861569119994,0.8030814207567667
0.44497482247168885,0.8090100201117243
4.185085065334036,0.8232420679450922
0.6565294574318865,0.8283956047910822
0.15624790497792942,0.851267985076176
0.030524439674236598,0.8613580314575822
0.1062793095789184,0.8625046846354709
0.01742567843576452,0.8675556217580019
0.18739925244757571,0.8816159300109783
0.009096599334839231,0.8926980187122734
1.4824674983485266,0.9005055747286719
1.6511902623568835,0.9004775909558702
0.031420497160620064,0.9084807475979836
0.025827153358159712,0.899230144591366
2.0226877670315124,0.9055061725876608
0.24478100473685235,0.9135265010564491
0.1961695878731985,0.9130999574553376
0.1846960596503734,0.9154405001753588
0.9808025254975647,0.9199859584205697
0.32576266262420744,0.9219613627072893
0.047269496287944905,0.9229774998086969
0.002333422463640258,0.9256575297633629
0.122939705966007,0.9289561479024229
0.4727178666818483,0.9436242568438538
0.42811083011669937,0.9489001583072674
0.05795008127092639,0.952571264740526
0.8376761461919431,0.9535790041873884
0.021885864906194135,0.9697746034536506
0.11709085098629402,0.9744529714609027
0.017356349386031436,0.9796590688536588
1.290883003244027,0.9894816904195601
0.8508953548964903,0.9808109864293763
0.08717776481873726,0.9743135589199997
4.45875757856742,0.9738225543096037
0.2599210781784432,0.9820832863732606
0.552681396802697,0.9812103139303379
3.204135114440068,0.9891060201061277
1.0158638049429376,0.9901669813246028
0.2242256787343444,0.9940889930026614
3.1933576414035474,1.0070552731715516
0.992646771173453,1.0011051723162068
0.8865276293857632,0.9939668278337509
0.016929900267455784,1.0095587156957833
0.5155453943184075,1.0109614602794597
0.14167166567457173,1.0167597550878003
0.5208934096703076,1.0294451272001872
2.5142130190556853e-05,1.02276538767572
0.9485377648645659,1.026960155133393
0.08807976232265063,1.0182772239421143
0.5884063142691894,1.0197186486229277
0.3442443644552061,1.027437601001709
0.19732353915593384,1.0397564558857473
0.10445229325036709,1.032955566311157
0.3496741090667474,1.0260552584418456
0.13639582624481303,1.0163520010862475
0.11363422080232805,1.0143496891271286
0.4112940272732241,1.00743511855877
0.5382195887148732,1.011214165827722
0.00045718469732969157,1.0097819460585449
0.16722197296943234,1.0099715573594066
0.11854664180735497,1.0098500517602826
1.254040843459391,1.019856814639606
0.02075954101567436,1.0111731134509379
2.580030629471926,1.01380127963914
0.08928571772994447,1.0112726537383687
0.048519524311610836,1.0182619279666227
0.2759558029760759,1.0142925872196562
0.007521939224710872,1.0159851030204372
0.5153639588092543,1.0179249232555598
0.00018634879886468477,1.012317620206042
2.3251349993128305,1.0184940432867908
0.4554082357173955,1.0109284947434949
0.31170164687455326,1.0182452494960448
0.021544370892905135,1.0128283187949794
1.1796053813476943,1.0132544267330854
0.009837680397935226,1.0237014977787473
0.6215002780430791,1.0326070879976477
0.14784691073880826,1.0311388101552172
0.17426512266328062,1.0311319439838165
0.2906458731368292,1.0283143208646206
0.8363207266347542,1.0321544371628193
0.36394018858106203,1.0335152215634342
0.0015004862007831669,1.0331230752560223
0.00690520077186463,1.0307854087333341
0.12670536425048085,1.0322956383934416
1.7848602636413756e-05,1.0327170107306256
0.4563402624746558,1.0302933925522564
0.010806890047690582,1.0343862765720409
0.23936422253414097,1.0433049867998876
1.0722646911774978,1.0422820497693723
1.2153835753369622,1.0356447562362365
0.3147246054013363,1.0416611714050452
0.47457218891318687,1.0434091229435474
0.4689874265570978,1.0519154409759752
0.7251552939562449,1.0489211689924995
0.019985868837387375,1.0438805547830228
0.023615923753185424,1.0539755537203426
0.5578547331853384,1.0476061210825225
0.4470163377019198,1.0561792739798224
0.9835250730207369,1.0585815376847867
0.02903507592700545,1.0574622136235277
0.036705822309043075,1.0631375282304008
0.5835374108319987,1.0666358242534457
0.021786426371664797,1.0715336640015811
0.39270021276301387,1.07898152061547
0.0,1.0862373812771413
2.4304850523621773,1.0933656777085694
0.19710044424841097,1.093693942970011
0.0489523834186883,1.0912362351598093
0.2636943030420732,1.0948114238766655
0.00606691161059985,1.0802354968198
0.8309604490475,1.083774208064359
0.07698889813581872,1.0753836835036221
0.07829549156352741,1.08664002339123
0.09284018548642925,1.082171761467907
2.635469822611959,1.0785188451035457
0.002111229957958636,1.0716759034491603
0.0115419739187031,1.0769676480105872
0.03738722552886844,1.0756168697793942
0.6476079577340608,1.0809358962496978
0.9141582503756897,1.0801465128030725
0.034895517493005415,1.082886203234658
10.255385353685424,1.0926120835531072
37.361673288092945,1.0906127130009196
10.93711060730803,1.086697454576839
0.7830096013367261,1.0957439532219138
4.133833851004201,1.1019913315971854
0.017684265474221306,1.088858921631401
0.0005900133510227995,1.0809371725447023
0.062210328260285476,1.073806275943296
0.10570356601553578,1.0701317064593698
0.08102408073527048,1.0564969053939721
0.15411394840755277,1.0660061822866949
0.03169100290742242,1.0578318469111634
0.04693236385733494,1.0571634020047782
0.07841212086532835,1.0624801861307018
0.024415163194702497,1.0611596275192603
0.6027448473353797,1.060019030957775
0.38424971143505704,1.0661106995782073
0.5378873989207095,1.0601638279508305
0.019906300728961254,1.05258236646777
0.297633053746072,1.0509160117246417
0.005624960398836715,1.0550694245135306
0.45154084307575054,1.059141179604261
0.004149929108296225,1.051914957606351
0.007965466279570016,1.0419938407476144
0.0001839560834547786,1.034809595438721
0.21354816732033094,1.0390821149292346
0.1989914697330862,1.0340757498181123
0.001221528499487552,1.0298750704983604
0.5819253495520262,1.0302683040628475
0.11866163972168926,1.021045457673349
0.011430689704336382,1.0198972255177254
0.5780792660498087,1.0131574113858977
1.197787485173596,1.0106231917835742
0.0077962886295227735,1.0144725761762268
0.015200812492898333,1.0111453190613424
0.0719003241583992,1.0039768982927348
0.0009191381378714942,1.0246864569972853
3.0327553417601716,1.031103751003652
2.5332327761677487e-05,1.0335092456774706
0.007280853121969966,1.0362816067492329
0.1420103144848026,1.0445564810208268
0.05720786125633622,1.0448194127584645
1.3905576404624929,1.0430465921992815
7.372176999896221,1.0404188918259287
0.06887493547581486,1.0305975656713633
1.5951857710029456,1.0371893986304128
0.555990698545992,1.039488279776543
1.067769073400853,1.0376364417016524
0.007083554929451857,1.0420611339375112
0.7361380650156771,1.0572589403487813
0.00038713569615053017,1.059223451537686
2.6653073049206575,1.0531915437689983
0.016454099888496623,1.051827368035654
0.2624119836227552,1.0542445079307952
0.08321022201587791,1.0540559489806554
0.027754530608849977,1.0533134866394156
0.002203794020366649,1.0530185288145182
0.5659580281154457,1.0651474567988797
0.0008171223788553154,1.0575078861479432
0.01910053913455948,1.057028646423793
0.157432573468088,1.0538068649230534
0.11103570448334196,1.0501370963431496
0.028713766387485243,1.0496489290761923
2.0709088649613527e-05,1.053053400004929
0.10337802714076764,1.0539681382223935
0.04534105407490515,1.0480027259502616
1.3732904138095383,1.046626863307786
0.11453590954937837,1.0503024467019269
0.17554929868031557,1.0503349485661575
0.24108077996278052,1.0457406733500847
3.4982556382453613,1.0506889311847014
0.016306742673155784,1.0430744840443122
0.011536866912149057,1.033265599435917
0.018770304601869875,1.0249716903602042
0.026059562945208257,1.0269314906007605
0.02268345967654741,1.0290960386381647
2.146977017439994,1.0365761690363178
0.3278662201516061,1.0265944218347622
2.7069848204266604e-05,1.0301331304361936
0.060247747714241504,1.0239317172755293
0.6586446821446262,1.0354943476769976
0.02005694522506187,1.043815201573012
2.0052519453757394,1.0440342798131743
0.002922335070125557,1.0324412396178373
4.589982362688892,1.0337606213624362
0.8780555525257587,1.0389870505508978
0.772178943316637,1.0352397811325038
0.7620302936061817,1.042762993275579
0.015579265823825846,1.046780921908558
0.0043594177020087905,1.0385328878387678
0.01874134446334322,1.0304783266465958
0.4271851088168483,1.0298911397356756
0.07916115811203117,1.0201363300391626
0.1183349993540962,1.0316697359671145
0.7934861605262901,1.0356537556718026
0.17651223185012951,1.0327043640662301
0.08640650832044593,1.0298169572537934
1.5744158590970034,1.0305471166157638
0.022400637211026798,1.0347775350281951
0.02185770484738273,1.0284316792740353
0.8099272323435555,1.0302273995063616
0.42604587133148797,1.029405205689887
0.273836938896669,1.0300549134743926
0.26657924882904616,1.0310644167974572
0.3116236210821508,1.0425260235342837
0.16659977968447293,1.0445102524003924
1.6371932596042023,1.0553853176483474
0.817587742270444,1.0416523791719492
1.2365030361472913,1.0466965526877627
1.3680015436042194,1.0482487982550657
0.0447722884144671,1.0468574276081062
0.00081631234170912,1.045489658177533
1.1531283216259303,1.0441666690377807
1.8702338362412567,1.049081310526495
0.012525154253196513,1.0431842018524022
0.1127850271964916,1.046609274530193
0.07588832446939509,1.0474406112385986
0.5176266246882976,1.0466694258688392
5.564429055160194,1.0555426538612183
1.7096709186030359,1.059476373459963
0.012811163594702133,1.0574884485789489
0.11006311613252748,1.0509271372053108
2.241775681652796,1.0446248575769637
0.8156074157488278,1.044239298179564
0.35866335176109776,1.0410391317930798
0.5523942376877617,1.0474795898343385
0.0017724795070689528,1.048039860597606
0.960331727698032,1.0547125717083348
0.01535608978993418,1.0703957621533549
0.056910068187348305,1.060919325472858
0.0013218660425964807,1.0591335699861897
0.016622733688486907,1.067260366746896
0.14328887422111328,1.066707016101793
0.7931279844267082,1.0572780412856486
0.16383466990663595,1.0597257543753966
1.8388054680681232,1.065067644941278
0.3194103764048127,1.0668186960037571
1.0538716852916252,1.07051364418764
2.3477469416667702,1.0760422859341772
0.49151871292169835,1.077753486912599
0.011809147904167957,1.0788712743054834
0.009022481505718015,1.081427049419245
0.07062546328595601,1.0742541910498529
0.5042420765532767,1.0709351311542818
1.7747318042480866e-07,1.067551729204512
0.17142119233739103,1.0662094722865385
3.4595911308355682,1.0648710785079183
0.5824442574590488,1.0626072454332038
2.6650982964489147,1.0552386886767895
0.15067934374065833,1.0667164012386179
0.006394890919004131,1.0650076102213768
0.47351138711910257,1.0650703361349902
0.16371527575173062,1.0607908451173482
2.207333422089168,1.0605751413639575
0.15173190195219052,1.0550464264170674
0.025651137962345888,1.0516248755052588
0.17966194637293637,1.0561818151073397
0.21804576017903612,1.0528656673770518
0.3699015053321196,1.0570384823261283
1.906255541252735,1.0742885320454774
0.3204058558917815,1.0678596464580805
0.04652649982131483,1.0717412101046684
0.2389229312406092,1.075204156062968
1.3125412285986167,1.0663282950930606
0.31310129883852167,1.0681396928898284
0.7968575185843079,1.062177629395752
0.1386183138261729,1.0524533187003777
1.226377783702348,1.039310302666875
0.012482386513492904,1.0542408581014682
0.26733405313617137,1.0527391185663904
2.579125978672637,1.0555742031361885
0.03279162173320523,1.0530289074957753
0.15447384954447452,1.0478335401534964
0.033871868332951915,1.0483275540951025
0.5774224549917741,1.058624425575976
1.7790878569646218,1.061033103598227
0.01325841484205478,1.0636509258731308
0.00361387648949307,1.0641234701667617
0.19759190491655762,1.0578328910649257
0.01738194692900665,1.0573719376980724
0.0038271261820581937,1.065242195027946
0.0029222538408508396,1.060988047394086
0.007423186686080643,1.058451378099591
0.263198369207556,1.0588822908309687
1.1442828977706783,1.0585609724796408
0.0006612570660582848,1.0598435120955634
0.00012295025261242475,1.0490036384128212
3.542288375605638,1.054145072166176
0.0005955082548989984,1.0543665357613494
0.02750011501282838,1.059074456376595
1.3146254770049004,1.0614508361768098
0.854147239882218,1.0568426067198289
0.0011968422683223687,1.0565350283517858
0.16781996539375083,1.0516224137906418
0.027977507561106514,1.050391648480119
0.01485110296571893,1.052756855415796
0.10676044036428102,1.0541896634725205
0.24683073635836741,1.0501212837409
2.062010739219697,1.047405073365963
0.10271323602882466,1.0403632465307777
1.5081020891078765,1.0449113518547042
0.4712732262067235,1.0439275078230712
1.7166162805285041,1.054995537677388
0.0018948824641479576,1.0591963200420913
0.5945536792129593,1.071925545678752
0.19934846493825206,1.0587257288856464
0.09499026495020957,1.064922772675782
2.2954574884390864,1.0714481619889382
0.513815168027966,1.0749396132440654
0.12470620661491126,1.0838412669209259
2.2434754030449717,1.0981934672041753
10.870299292353163,1.1122258594977912
2.804390121035569,1.1163420689373775
0.37019048493034773,1.1136118632459058
3.6058024667444073,1.1100530418615808
4.694149506730577,1.1125942330401704
0.21590004690964995,1.1180665120335063
3.0726385370836504,1.1210052881549106
1.3037217502961482,1.1141106090538564
0.02982299688954696,1.106944033382211
0.4446964412062336,1.1011143514272288
0.11468204303087853,1.1039787870970814
0.7376127881177514,1.0968830136937107
1.429566441185152,1.0893671666294025
0.0009372554500204331,1.093418288355273
5.171431154666523e-05,1.0904031722721117
0.002637320233879957,1.088224360119073
0.21994936330374149,1.0869501282389207
0.11151990436012049,1.0909565343498764
0.02034722796997189,1.0971474160069965
0.33356707671660796,1.0972663462095047
1.2123118461974443,1.09807646856676
14.041612937778432,1.0902578668953395
1.9581216787653106,1.0924077633556912
0.12933528262873847,1.0861661318753142
2.526335254448944,1.0804421593817553
0.028533517119130727,1.076000129820396
0.0885736767914717,1.0853650528215038
1.1109548984729627,1.0756138363119796
0.2740091561728009,1.0759404190334263
0.6798284426379952,1.0771207939029313
0.9690193993614074,1.0834472712779175
0.35251752689450766,1.082599407290406
0.4931303009676501,1.0931003714944456
0.08851060608750469,1.0815809086832027
0.10713292982707646,1.076982857578378
0.11181127387223139,1.0662982507240566
0.019007393257971825,1.0596787716790665
0.49967344093987104,1.063955221754592
0.09991313681986531,1.0631097874237714
0.28033373984098253,1.0528094780478496
1.0273810832016008,1.057449621713845
0.1597959336431004,1.0505473369193978
1.752053131760389e-05,1.0457953658493935
0.0218670380069898,1.0489976258841351
1.0245773935587428,1.0373738308509746
0.46755280734990184,1.033100325836895
0.8422744038001593,1.038316804139077
0.1397976202156905,1.0446309855915934
0.027726449353727856,1.0532752621866246
0.005745867319639751,1.050418487057855
1.635924104867763,1.0419301231083917
0.3147833031039805,1.0370768529950536
0.08392778720525704,1.0293314061104089
0.6352051256997181,1.0256068672375176
1.4351952857016927,1.0233692226757685
0.12038668354295454,1.0220361350129716
0.22287544630023498,1.0178553104552372
0.009398712855255143,1.0189251892180846
0.12020169855672824,1.0248593467304508
0.035777733968690086,1.0359237629057465
0.04796210719797921,1.0418941595583
1.3955386396980503e-06,1.0424892992608312
0.05763519482492044,1.0449286133399651
0.033112120290647674,1.043677606978328
0.22609390396460774,1.0456567022583296
0.6616020525497469,1.038719932118013
0.07233236022905677,1.0311890953605207
0.2038428337317622,1.0353922564999216
0.00415690765305009,1.0349854077461482
0.15985598525327513,1.040353243276655
0.3263660247920809,1.0430724336521753
0.2387482825940694,1.0492633300554346
0.014121763678135007,1.039745767145781
0.3999933432441747,1.0385870456572825
0.39396355401998745,1.040729491951299
0.8140103933557744,1.048177565431933
0.39750451039023427,1.046307361975936
0.3208544130307159,1.049214608656915
0.018684167439106867,1.0475724260168162
0.12210620968077603,1.0382521664730444
0.6772821131407765,1.0307018084552153
0.40793447096107893,1.0439457432162869
0.08792387136117416,1.0375002069820103
0.09373370267657614,1.0496515781091422
0.007972027770491668,1.0536288266000582
0.9047831177229073,1.052471147168434
0.8209506467885052,1.04408046909979
0.15839212996457971,1.0440144747341082
0.2887974481151719,1.0452343149413337
0.002355357945121136,1.0484886153444561
0.9847817455836955,1.030848774294123
0.17304769757101537,1.0337701465205216
0.07807965661817623,1.0345023401871332
0.01754066096500367,1.0419686975131646
0.7317028444443057,1.0415194615164327
0.15356437504242107,1.0457684555910907
1.0596605750330883,1.0525261476050396
0.7363601516340654,1.041708583759044
0.0916240405783225,1.0434281224883606
0.65307862662664,1.039865942265614
0.03413014018778787,1.044770189108349
0.30201472450193245,1.041394225111392
0.006061781821009638,1.038924342897103
0.0007333842696865656,1.0362463901286472
0.016864518322179126,1.0534866399206595
0.14788075630149564,1.0501178545464909
0.17583614951073684,1.0516346866106783
0.01681095642187392,1.0560015503006788
0.18745946147249024,1.0500933282914786
0.0318797336090016,1.0484991519026274
0.4562183833216013,1.0490391741896807
0.12995807156126216,1.0444538868849929
0.13531564424231335,1.0477665468784394
0.1447677568618887,1.043476475049884
0.24362088796477077,1.0481861035716034
0.017011584003390444,1.044179244024207
0.2010347389311252,1.0365864160045033
0.4420925258258031,1.0361408588702836
0.9087294776000437,1.038618448899564
0.006453993307660986,1.039864738452724
0.009343304815046801,1.0442775085408296
0.8296985924410861,1.0463518843325232
0.054313655771569935,1.0529923265882097
0.5387814932800272,1.056355089887867
0.014919964497935869,1.0532116330330747
0.06142274023907562,1.0440231724391822
0.2917516156696113,1.0347327072855916
0.16839687824698815,1.0235292353607042
0.052736974102345006,1.0270707059124986
0.10560900358097727,1.0283711017990862
0.4978529476209728,1.0343842765598887
1.0574368138235872,1.0448303628618476
0.23582420972076615,1.0425789194598902
0.2674357255743741,1.0443241316537593
0.00968791998601346,1.0407708629950387
0.007761951425171266,1.0470839502856042
0.13870987148012884,1.051762011510178
0.43605428961821463,1.0512643661640961
0.013231886896745258,1.0497688735127608
0.20501315827886493,1.038948112579185
0.4596987368520888,1.0308147786383983
0.3644350938512623,1.0380856133799599
0.025676691913580657,1.0521792549052518
0.4163293142811603,1.0541673273323826
0.11846153953222635,1.063766755370242
0.004654855789122558,1.0753009654248002
0.10325968108405645,1.069225511021036
0.22132916426882407,1.0740430433026846
0.49192758410409737,1.0827019510664653
0.00016755009371053438,1.084524985127877
0.014239986956292581,1.087101562228852
0.1586211864710244,1.0950006871935212
0.15862118647103285,1.101810613968258
0.301241921810032,1.1072466942531296
0.28518344820365477,1.1076710675953487
0.2251962642480489,1.1045903315224268
0.17444374699110943,1.1116793757081787
0.0830406391597389,1.1097329754225598
1.514316350500822,1.1141621994428277
0.0015293243022744857,1.1034811758817777
0.002311742477336739,1.1083764465977914
0.010786077867792562,1.1178216031848582
0.30241269985838576,1.106963839443625
0.031551417760704525,1.1106645367197587
0.03370314786174401,1.1190968985410648
0.3420259482614072,1.1137043198989474
0.7506426403174974,1.1132232878844341
0.21789841912943134,1.114062318256472
0.1001653221647134,1.1140938162114973
0.29612689092658845,1.1167958878058615
0.3264563822984858,1.119170236117833
0.005694690623825723,1.1172290032431276
0.41535342563088634,1.117244227189991
0.025855649344483853,1.1215677744216674
0.0001350296843566105,1.1078842847941073
0.3394642234302596,1.107325059702156
0.6244201019661401,1.1028067652448887
0.00032932241717349286,1.1015233811504037
0.017952811698844988,1.1027308601827073
0.14629536085668252,1.1122533327369646
0.14861429110963392,1.1116354450260533
0.0001569679142969957,1.1151115585774847
0.5368385370767459,1.108723729555604
